--
-- PostgreSQL database dump
--

\restrict Bd2BrssZd8KPNKL81TnifNWYX7kMDrdtKQJDYwrTgqwMwF0Od4RHfx2E1KpTyQM

-- Dumped from database version 18.0
-- Dumped by pg_dump version 18.0

-- Started on 2026-05-17 22:55:11

SET statement_timeout = 0;
SET lock_timeout = 0;
SET idle_in_transaction_session_timeout = 0;
SET transaction_timeout = 0;
SET client_encoding = 'UTF8';
SET standard_conforming_strings = on;
SELECT pg_catalog.set_config('search_path', '', false);
SET check_function_bodies = false;
SET xmloption = content;
SET client_min_messages = warning;
SET row_security = off;

--
-- TOC entry 2 (class 3079 OID 258605)
-- Name: uuid-ossp; Type: EXTENSION; Schema: -; Owner: -
--

CREATE EXTENSION IF NOT EXISTS "uuid-ossp" WITH SCHEMA public;


--
-- TOC entry 5094 (class 0 OID 0)
-- Dependencies: 2
-- Name: EXTENSION "uuid-ossp"; Type: COMMENT; Schema: -; Owner: 
--

COMMENT ON EXTENSION "uuid-ossp" IS 'generate universally unique identifiers (UUIDs)';


SET default_tablespace = '';

SET default_table_access_method = heap;

--
-- TOC entry 227 (class 1259 OID 258716)
-- Name: administrator; Type: TABLE; Schema: public; Owner: postgres
--

CREATE TABLE public.administrator (
    korisnik_id uuid NOT NULL,
    vrsta_admina character varying(20)
);


ALTER TABLE public.administrator OWNER TO postgres;

--
-- TOC entry 226 (class 1259 OID 258698)
-- Name: iskoristavanje_nagrade; Type: TABLE; Schema: public; Owner: postgres
--

CREATE TABLE public.iskoristavanje_nagrade (
    iskor_id uuid DEFAULT public.uuid_generate_v4() NOT NULL,
    kartica_id uuid,
    nagrada_id uuid,
    vrijeme timestamp without time zone DEFAULT CURRENT_TIMESTAMP
);


ALTER TABLE public.iskoristavanje_nagrade OWNER TO postgres;

--
-- TOC entry 222 (class 1259 OID 258648)
-- Name: kartica_lojalnosti; Type: TABLE; Schema: public; Owner: postgres
--

CREATE TABLE public.kartica_lojalnosti (
    kartica_id uuid DEFAULT public.uuid_generate_v4() NOT NULL,
    korisnik_id uuid,
    broj_bodova integer DEFAULT 0
);


ALTER TABLE public.kartica_lojalnosti OWNER TO postgres;

--
-- TOC entry 220 (class 1259 OID 258616)
-- Name: korisnik; Type: TABLE; Schema: public; Owner: postgres
--

CREATE TABLE public.korisnik (
    korisnik_id uuid DEFAULT public.uuid_generate_v4() NOT NULL,
    auth0_id character varying(100) NOT NULL,
    ime character varying(100),
    email character varying(100),
    uloga character varying(20),
    CONSTRAINT korisnik_uloga_check CHECK (((uloga)::text = ANY ((ARRAY['kupac'::character varying, 'admin'::character varying])::text[])))
);


ALTER TABLE public.korisnik OWNER TO postgres;

--
-- TOC entry 221 (class 1259 OID 258626)
-- Name: kupac; Type: TABLE; Schema: public; Owner: postgres
--

CREATE TABLE public.kupac (
    korisnik_id uuid NOT NULL
);


ALTER TABLE public.kupac OWNER TO postgres;

--
-- TOC entry 224 (class 1259 OID 258672)
-- Name: nagrada; Type: TABLE; Schema: public; Owner: postgres
--

CREATE TABLE public.nagrada (
    nagrada_id uuid DEFAULT public.uuid_generate_v4() NOT NULL,
    naziv character varying(100),
    potrebni_bodovi integer,
    slika text
);


ALTER TABLE public.nagrada OWNER TO postgres;

--
-- TOC entry 223 (class 1259 OID 258663)
-- Name: qr_kod; Type: TABLE; Schema: public; Owner: postgres
--

CREATE TABLE public.qr_kod (
    kod_id uuid DEFAULT public.uuid_generate_v4() NOT NULL,
    aktivan boolean DEFAULT true,
    vrijeme_kreiranja timestamp without time zone DEFAULT CURRENT_TIMESTAMP
);


ALTER TABLE public.qr_kod OWNER TO postgres;

--
-- TOC entry 225 (class 1259 OID 258679)
-- Name: transakcija_bodova; Type: TABLE; Schema: public; Owner: postgres
--

CREATE TABLE public.transakcija_bodova (
    transakcija_id uuid DEFAULT public.uuid_generate_v4() NOT NULL,
    kartica_id uuid,
    kod_id uuid,
    iznos integer DEFAULT 1,
    vrijeme timestamp without time zone DEFAULT CURRENT_TIMESTAMP
);


ALTER TABLE public.transakcija_bodova OWNER TO postgres;

--
-- TOC entry 5088 (class 0 OID 258716)
-- Dependencies: 227
-- Data for Name: administrator; Type: TABLE DATA; Schema: public; Owner: postgres
--

COPY public.administrator (korisnik_id, vrsta_admina) FROM stdin;
33333333-3333-3333-3333-333333333333	superadmin
d001d5b6-6494-49ff-97c2-95038899ea35	konobar
e071f28a-6c7f-49b2-8aa4-87ee11481d75	superadmin
\.


--
-- TOC entry 5087 (class 0 OID 258698)
-- Dependencies: 226
-- Data for Name: iskoristavanje_nagrade; Type: TABLE DATA; Schema: public; Owner: postgres
--

COPY public.iskoristavanje_nagrade (iskor_id, kartica_id, nagrada_id, vrijeme) FROM stdin;
3b47a9c1-e085-472f-9594-46011d007bd0	70bc1d4e-10f9-40e3-8f00-606f43240b42	bbbbbbb1-bbbb-bbbb-bbbb-bbbbbbbbbbb1	2026-05-13 16:23:39.211986
2c663969-d2b9-47cf-a0c1-5b02d10b0f38	70bc1d4e-10f9-40e3-8f00-606f43240b42	bbbbbbb1-bbbb-bbbb-bbbb-bbbbbbbbbbb1	2026-05-15 18:21:54.336118
\.


--
-- TOC entry 5083 (class 0 OID 258648)
-- Dependencies: 222
-- Data for Name: kartica_lojalnosti; Type: TABLE DATA; Schema: public; Owner: postgres
--

COPY public.kartica_lojalnosti (kartica_id, korisnik_id, broj_bodova) FROM stdin;
aaaaaaa1-aaaa-aaaa-aaaa-aaaaaaaaaaa1	11111111-1111-1111-1111-111111111111	5
aaaaaaa2-aaaa-aaaa-aaaa-aaaaaaaaaaa2	22222222-2222-2222-2222-222222222222	10
2630a0f5-1a06-475a-97bb-de784666a8c6	d001d5b6-6494-49ff-97c2-95038899ea35	5
70bc1d4e-10f9-40e3-8f00-606f43240b42	46fc1143-24c3-4e03-93d5-0dba657e704c	2
\.


--
-- TOC entry 5081 (class 0 OID 258616)
-- Dependencies: 220
-- Data for Name: korisnik; Type: TABLE DATA; Schema: public; Owner: postgres
--

COPY public.korisnik (korisnik_id, auth0_id, ime, email, uloga) FROM stdin;
11111111-1111-1111-1111-111111111111	auth0|kupac1	Ana Anić	ana@email.com	kupac
22222222-2222-2222-2222-222222222222	auth0|kupac2	Marko Marić	marko@email.com	kupac
33333333-3333-3333-3333-333333333333	auth0|admin1	Admin Adminić	admin@email.com	admin
46fc1143-24c3-4e03-93d5-0dba657e704c	auth0|6a023e5ee0b0edd76a85472a	ema11092002@gmail.com	ema11092002@gmail.com	kupac
e071f28a-6c7f-49b2-8aa4-87ee11481d75	auth0|6a023ebe1a7861c446468968	ema.bradic@fer.unizg.hr	ema.bradic@fer.unizg.hr	admin
d001d5b6-6494-49ff-97c2-95038899ea35	auth0|69e0f7e4a4f938eedceb7c93	ema.bradic	ema.bradic@icloud.com	admin
\.


--
-- TOC entry 5082 (class 0 OID 258626)
-- Dependencies: 221
-- Data for Name: kupac; Type: TABLE DATA; Schema: public; Owner: postgres
--

COPY public.kupac (korisnik_id) FROM stdin;
11111111-1111-1111-1111-111111111111
22222222-2222-2222-2222-222222222222
46fc1143-24c3-4e03-93d5-0dba657e704c
e071f28a-6c7f-49b2-8aa4-87ee11481d75
d001d5b6-6494-49ff-97c2-95038899ea35
\.


--
-- TOC entry 5085 (class 0 OID 258672)
-- Dependencies: 224
-- Data for Name: nagrada; Type: TABLE DATA; Schema: public; Owner: postgres
--

COPY public.nagrada (nagrada_id, naziv, potrebni_bodovi, slika) FROM stdin;
cad91c1c-5f1f-442c-a9cb-0aff614f0d27	Kroasan	8	https://media.istockphoto.com/id/178462137/photo/croissant-isolated-on-white.jpg?s=612x612&w=0&k=20&c=jDNGlWLbufaPJuAxs5FH0-yyOC8SoPSwSE9FQKjGwJQ=
01cddc78-3fc6-4af6-842e-5be434d7e7f8	Popust 20%	15	data:image/jpeg;base64,/9j/4AAQSkZJRgABAQAAAQABAAD/2wCEAAkGBxMTEhUTEhIWFRUWGBcbGBcVGB0aGBodHhgYGBgdGBgeHSggGBomHh8XIjEhJSkrLi4uHR8zODMtNygtLisBCgoKDg0OGxAQGy8mICYtLzAvLS8tLS0tLS0vMC0tLS0tLS8tLS0tLS0tLS0tLS0vLy0tLS4tLS0tLS0tLS0tLf/AABEIAL0BCwMBEQACEQEDEQH/xAAcAAACAgMBAQAAAAAAAAAAAAAABwQGAQIFAwj/xABKEAACAQICBgcFAwkFBgcAAAABAgMAEQQhBQYHEjFBEzJRYXGBkSJyobHBQlJiFCMkgqKywtHwQ2OS4fEzRFNzo+IVFzSDs8PS/8QAGwEBAAIDAQEAAAAAAAAAAAAAAAQFAgMGBwH/xAA9EQACAQMABQoEBQQBBAMAAAAAAQIDBBEFEiExQQZRYXGBkaGxwdETFCIyI0JS4fAzQ2KSgiRy4vEVFrL/2gAMAwEAAhEDEQA/AHjQBQBQGGa3GgM0AUAUAUAUAUAUAUAUAUAUAUAUAUAUAUAUAUBgtQGaAKAKAKAKAKAKAKAKAKAKAKAKAwTQHkzXoD2oAoAoAoAoAoAoDUtyFAYuaA2BoDNAFAFAFAFAFAFAYJoDzvnQHrQBQBQBQBQGjzKOLAeJtXzKR9UW9yIU2m8MnXxEK+Mij61i6kFvaJELO4n9tOT7GTFk3gCuYOd+XdWZHaaeGZ3jzofDegCgCgME0B5saA2VaA3oAoAoAoAoAoDDUBqBwoDN6AwlAb0AUBgsBzoN5Fn0nCnXmjX3nUfM1i5xW9m6FvWn9sG+pMgya1YIZHFw+UgPyJrB16f6kSFoy8f9qXc0Q5dfNHr/ALwD7qO3yWsHdUlxJEdB38v7fe0vUiPtHwXBelbwSw9WIrH5unwNq5P3mMvVXb7ZIc20qC4tDKQRcE7oFvU518d5HmZujycr42zj4v0OfJtTz9jCX72l/khrV89zR8SXHkvs+qr3R/chzbUMQQdyCJTyvvN481rF3s+CRvjyZt0/qnJ9WF7kKTaRjjwMS+7GfqxrB3lToJMeTtkt+s+t+yRDk150g3HEED8KIP4frWLuar4m9aEsFup97fuQ59Z8a174qa3c2755WrB1qj/MyRDRlnHdSj3Z88kKXSMz9aeVvekc3+OdYOcnxJEbejDdCK6kiG27a/E8/Dt7z/lWLN61s9B6wICbW5Gw5ZDK/dX1JGFST1cj+1dm38Lh2P2oYz6oL1d0nmCfQeY3sNS5qR5pS8zoX86zIxlKA2oAoDyLf6UBsq0BvQGL0PmTylxSL1nVfEgfOvjaW82Rpzl9qb7CFPrDhE62KhHjIv8AOsHVgt7RIhYXU/tpyf8AxZCn12wCccSh90M37oNYO5pLiSIaGvp7qb7cLzaIU20bADhI7e7G31ArF3dJcSRHk9fPfFLra9MkKXahhR1YpmHbZAPi96wd7Dgmb48mrp/dKK7/AGIU+1RPsYVj70gX5Kb1g75cIkiPJef5qqXUm/VEV9p8rL7GGQdoZyxHZkALivnzsuETauTVKLxOo+5L3I2L2j4oCyrCrZX9km2WYHtcaxldz4YNtLk7bN7XJrrXsc6XaBjj/aqvDqRpb43rW7upzkuOgLJflb62/wBiDJrdjm44qTP7pC+m6B/QrB16vOSY6Jso7qa8X55Icum8Sw9rEzNbtlfP9ru41g6k3vbJEbK3j9tOK/4r2Ik0xbrMWtyYk8+dzWLed5vjBQ3LGeY1izPsgFjyAvz45cPKi27j7LYvq3EyLRmIPVw8xy4iNzytxA+NZKEuCfcRpXNBb6kf9kTIdVca2QwsoHaRu278zWaoVH+U0T0pZR2uqvMnwalY+4/R7Aj7UkYHgyhsq2K2q8xEnpqxx/U8JZ78HQOzzHMRcwoBbi7HlbOyZkVn8rUfMR1p6zgnsk31L3JEWy6fniIlHcrNbwzFq+qylzo1y5TUeFNvtS9yXDsrH2sUc+O7HY+pc/KslZc7NE+U7f20u+X7Imw7L8MLb00zW70Hl1eFZqyhzsjz5S3D3Qiu/wByYuznA3uVkbxkYfK1Z/KUzQ+UN7jY0uxeuSdHqRgAb/kyk/iZm+Ba1ZfLUuYjy0zetY+J3JLyRLh1Zwa9XCQ+PRqT6kVmqNNboo0S0jdy31Zf7MnR4KNerGi+CgfIVkoxXAjSq1JfdJvtYiNYQY8ZiBYZTS5dqszED0IqnqbKj6z0ixxUtaeP0x70l6jh1KmDYDDkcNyw8iV+lWlu800cJpWLjeVE+f8Ac7ij0rcV5tQBQBQFO2i6YxGEijfDsF3nKsSoaw3Sw4g24Go11UlCKcS70HZ0LqrKFZZwsrbjiLyXXXHtxxLeCqoHdwFxUB3NV8Tqo6FsY/2+9t+pCn1jxj9bFzeUjAee6RWLq1H+ZkiGjrWG6lHuT8yLiMXI5IkkcnPJ2Y+gJtWDk3vZup0qcFmEV2JETL8N/wDX08KxN+3pJWHwMpHsQyHvVGPyFZKMuCNM69JP6prvXuTMPq9jGtbCTecbKPIsBeslSqP8rNE9IWkN9WP+yflkmw6k49iD+Ske8yAeY3r/AArNW1V8CNPTVjFY+J3KXsTY9nePPFYl96S/yBrP5SqR3ygsY7nJ9n7olw7MMUetLAo/Dvt81FZKynzo0y5TWy+2En3L1ZPw+yxhbexYHbuxG589+s1Yv9RGnyni91Lvl/4kyPZbD9rESHwVB9DWfyMeLI8uU1b8tNd7fsTIdmeCBuxlfxYAeiqKyVnT6TTLlHeNYWqupP1bJ0WoWAH9gWP4pHPw3rVmrWkuBGlpy+f58dSXsS49UcCvDCQ+aA/OsvgU1+VGiWlb2W+rLvx5E6DROHTqwRL4RqPpWapxW5EeV1Xn902+1ktUA4ADwrM0N53m1AYIoDzDKDYsL95F6+ZR9UW1lI9a+nwKAKA4+susMeDjEkgZt5t0Ktrk2J5kC1hWqrVVNZZNsLCpeVHCDSwstvccfV3XkYzECGPDsBYszs49kDLgAcySBa/OtVK5+JLCRPvtCuzo/FnNb0kkntfW+guFSijCgCgEVr6m7pDEZfbU+qIfPj/V6p7hYqs9F0O9axp9T82MnZi+9o+O/wBlpB+2zfWp9o/wkcnp+OL6XSo+SRbKklMFAFAFAUravCDg1Y/ZlU+quv1qJeL8PtL/AJOTau2lxi/NMX2pOjop8XHFMN5GD3FytyASMwQeVQbeEZTUZHT6XuatC1lUpPDWNux9HHI14tS8AvDCofeu37xNWat6S/KcXLTF9L+6+zZ5E2DV/CJ1MLCveI1v62rJUoLcl3Eed9dT2SqSf/Jk2PDovVRR4ACs8JEdzlLe2elfTEL0AXoDNAFAFAeeInVFLuwVVFyzGwA7yeFfG0llmUISnJRist8EVHSG0fCIbR78udrqLL6tYnyBqNO7gt20u6PJ67mszxHr3+Hrg4rbVGJ9nCLblvS5+gjrT89zR8SwXJdLfV7o/wDkSsBtRjJAmw7JfmjB7cOIIX4XrKN6uKNNbkzUSzTqJ9ax7+hddFaVhxCb8MgdeduIPYwOanuNTITjNZizn7i2q289SrHD/m58SbWRoIel9JJh4XmkNlQXPaeQA7ybCsZzUIuTN9tbzuKsaVPe/wCeAmNPa34rFE3kMcfKKNiBbvYZufHLsFVVS4nPjhcx3tnoi2tUsR1pfqa9Ny8+k5TaLl6PpuhcxnMyFDucfvW4d961aksZxs5yarqlr/D11rc2dvcTtCax4jCupjlJQW3o3JKHuser4j/Ks6dacHsZGu9HULqD147eDWxr36n+46dAaXTFQLNHkG4g8VYcQfD45GranUU46yOAvLWdrWdKfDxXBnRrMjCb2laV6fFlFN0g9i34si59bD9Wqq7nrTxzHd6BtXQtteS2z29nBevaW/ZdocRYcznrTEEH8A6vqd4+YqVaU9WGtzlFygu/i3Hwluh5vf6IutSyhCgCgExtNitpBz95Eb4bv8NVV2sVTvdASzYpcza8c+pcdkst8JIo+zMwHmqH6mpVk/w+0ouUkcXUZPjFebRdqlnPhQBQBQFX2lx30fL3NEf+og+tR7r+k+wuNAyxfQ6pf/liy1HlA0hhj+Mj1Rltfzqvt9lWJ12l4t2NRdC80x61cHnIUBSNa9oMeHYxYcCWUXDEn82h7DY3ZhzAt41ErXSg8R2s6DR2galwlUrPVj4v2XS+4ouK10x0vHEFPwxgL8bbw9TUKVxUlxOjp6GsqW6Gel5f7eByjpTENxxMx7zI5+uZ8K168nxZN+VoR/tx/wBUbQ6axKkFMTKvf0jfEXsaKpNbmfJ2VvNPWpxfYv4i4at7R5EYJjCHQ2/OqLMvDMgZMveLHxqXSvGtkyhv+TsJRc7bY/0vc+rO1MaUUgYBlIIIBBGYIPAg8xVinncce04vD3muImVFZ3ICqCSTwAAuSa+NpLLPsYuclGKy3sQjdbNZpMbIbkrCpO4ncODEc2Pw4VUVqzqPoPRNG6Np2UFszN736Lo895wr58bdh4VpLLCwSjo+Tc6ToZOj+/0bblu3etugcOffWWo8ZxsNPzFPW1Nda3NlZ7t5FPCxN/67eysDct+TpaB0zLhJRLG3YGW/sst7lT8bG2XEdh20qjpyyiHe2dO8pOE11Pinz/z9x8aNxqTRJKhurqGF+OfI944VcRkpJNHnFejOjUlTnvTwUba/iiI4Ir2Ds7Hv3QBb9uod7LYkdFyZpJ1KlRrcku/b6C0wkYaRF5M6qfMgHPlxNQFtaOuqycKcpcybPodsMhToyo3Cu7u2y3bWtbstV5hYweWKpJS109uc56T57x8Ajlkjvfo5HS/uMVHjwHwqjmtVtHqNCbqU4VFxSfesl+2PYo3xEV/ZsjgdhzVvX2fSptjLejmeU9JYp1OO1eq9e8vGs2lRhcNLMeKr7I7WOSj1tUyrPUg5HO2Fq7q4jS53t6uIj9D4JsTiEiBO9K+bc7dZ2vbM2BNU8IOclHnPRLqtG1t5VGtkVsXgl4n0BBCqKqqLKoAA7ABYVdpYWEeZSk5Scpb2elfTEKAKAUm1uL9LjbgGhUf4Xkv8xVZer611HbcmpZtpLmk/FL2OtsdmumITsdG9VI/hrbYvZJELlRDFSlLnTXc/3GLU45YKAKAKA4evEW9gMSP7tj/h9r6VpuFmlIsNEy1b2k/8l47BL6uybuKwzZ/7aL/5Fv8ACqqk8Ti+lHf30da2qr/GXkz6EFXZ5gVraDphsNhGKG0khEaHmCQSSPBQ3natFzU1IbN7LXQ1pG5ukpr6Y7X2cO147BIBez+uOZqnPQ84JOBwTyuscalnY2Frf6cr/wArVlGLk8Leaq1eFGLqVHhL+fz1Luuy+coC08avbqhSRf3rjPvtUz5KWN5zr5TUlPZTbXPlJ937lM0po2TDStFMtmXOwtYjkQeYPb8iKiTg4PEjoLe5p3NNVKT2PwfT1EQrmeX0HH1rE3p7BsbJdJNJhnhY3MLDd7kYXA9d7ytVlZzzDVfA4nlJbRp3CqR/MtvWt/oTNqOMMeBZQbGV1Tvtfeb1CkeBrO7lin1mjk/RVS9Tf5U36LzE1b+vSqo73JYtQtFLPjUWQXVAzsp57tgoI94rfwtzrfbQU6iTKrTV1KhaSlB7W0l2/tkeG6LW5VbnnglNoug1w2KPRgLHKu+qjIA3s6jsF7H9aqm6pqE9m5noGgr2VxbYm8yi8dnB+nYVwrwuP87d3ZUctsvb/P4xobI9IFoZYGOcb7w8HvcD9YMfOrGynmLjzHHcpbdRqwrL8yx2r9mu422u4EtBFKFv0blT3B7AE928FHmKXsMxT5j5yarqFeVNves9eP2bFVGxBDDjcEeN7iq1HaSSaae70PoTRek45oEnVhuMoa98hlmD2Wzv4VewmpRUkeW17edGs6MltTx/OsQ+msQJcRNIvVkkdl7wWNj25i1UtR6020elWkHSt4QlvSSfdu7y9bHcGb4ia3s2RFPaRdm9Lr61Mso75HOcp6y/DpcdrfkvU8drOmN6RMKv9mOkc8gxHsg94W5/WFfL2plqHMZ8m7TVhK4lx+ldXHx2dh77I9D/AO0xTD+7j+Bc+th5NWVlT3z7DXylu8uNuv8Aufp79wy6nnJhQBQBQCv2xR/nMM34ZRfwKW+dV18tsTr+S8voqx6V5Mxsda0uJU80jPoXH1pZPbJH3lQk6dKS53449ho1YnHhQBQBQEDT8O/hp1+9FIPVDWFRZg10Ei0nqXFOXNJeYgMNLusjfdZTfssQRVIng9NqQ1otc6a9D6NU1fHlRSNpWiMTiegXDxFwpct7Six9kLxI5b3Col1TnPGqjoNA3dvbOo60sZxjY+nO7sKONSNIcPyYi/H247em9UP5arzHRf8Azdhv+J4S9i07PtWMTBiWkxEPRqIyE9pW9okfdJIO7f1qTbUZxnmSwU2m9JW9e3UKM8vO3Y1sWefp8hj1OOWFJtYxKNi0Rbb6R2Y+J3gPEDO34hVZeyTmkuY7bk3SnG2lJ7nLZ2LDfp2FJY8xzJ4j6f1zqIdClwYyNjkJ/SX+zeNR4jeY/vCp9ivuZyfKiazSjx2vyS8mStr4vDAP7xj+wbfOsr37V1mnkzsrVH/j6oVofnz5W8M6rTs8cC6bJmH5a4yv0Lfvp/X9Cpdl/UfUc9ykX/SRf+S8mN2rQ4gXm2GAdFBLa5V2Tu9pd7P/AAVBvl9KZ0/Jib+LUp86T7nj1FjvXz7P59vCq87DGr2lx2VYrdxu79+Jx6FWH19alWcvxMdBQ8o6ebTWXCS8U0NnHYNJo2jkXeR1KsO4/LxqzlFSWGcVSqzpTVSDw1tQntPaiYmBj0aGeLkyC7gdjIM7+Fx4XsKqpazhu2o7mz05b10td6k+Z7F2Pd3+mXwhhMTYr0U5B4puSWPitrE1pxPdh+JZfFts62tHZxzHzyd3Qeo2LxDAuhgTK7SCzcM7Jxv428eR3U7Wcnt2Fdd6ctqEWoPXfMt3a/bPUNSCCHA4WyjdihQk9psLkntY1ZJRpw6EcZOda9uMvbKTx7LqQjJ8VJip2JF5J3yAzzZhYeAyAqncnOXSz0WFKFrQS/LBeS39o+dC6PXDwRwrwjUC/aftE+JuauYQUIqJ5tdXEritKrLe3/6XZuOBpfaFg4WKqzTMOPRAFR+uSF9Ca0zu6cdm8s7bQF5XjrNKK/y9llnMTalDzw8oHit/QkfOtXz0eZkx8mK25VI57S06B1lw+LB6F7sOsjZOPFeY7xcVJp1YVPtZTXmj7i0f4sdnB70+069bSEL3bDH+aw78xIwy70J+lQr5fSmdPyYf4tSPOl4P9zibJp/02RfvQsT5On8zWmyf1vqLDlJD/pIvmkvJ/sN2rM4gKAKAKA0mS6kdoI+FfGso+p4aZ82G+7Y9hv2elUJ6zs1j6O0fJvRRt2op9QDV7F5SZ5TVjq1JR5myRWRrCgCgKxrnramDTdWzzsPZTs/E/YOwc/UiPXrqmukttF6KneTy9kFvfounyEzNiGd+kdyzsSSx7b99gM/IVUttvLO+jTjThqRWIrh/P4wgiaRwiAtIxAAFrsb5WPlzr6k28LeJyhTg5S2RW3qQ9NUtCDCYZIsi/WkI5uePkMgO4CrijT+HBRPOdI3ju7h1eG5LmS/me0rW2GP9Ghbslt6o/wDKo979q6y35MS/6ia/x8mhVX7+3xvzt2eFVx2ewt+y2W2PF/tRSD4q30NSbR/i9hRcoY5suqSfmhyVanCFN2rx3wF/uyRn5r9ai3izTL7k5LF7jnT9xPuTlnyFjly+VVZ3MUtuEWLZ3IRpCDPImQd9ujc8fGt9t/VRV6cinY1M9Hmh4VbnngUAUAUAv9rWmNyJMMpzkO89uSqch5tb/CahXlTEVBcTpeTdpr1ZV2tkdi637LzOFsp0T0mIaZh7EPDsLsLDxIG8e64rTZ09aWs+BZco7r4dFUlvlv6l7vHidbatp5l3cJG1gy70tuYNwqeBIJPkOee28qtfQu0hcnLCM83E1nDxHr4vs4dvMUHQmjnxOIjhjNmY8SMlAuSbc7AVBhBzkoo6W7uIW1CVWa2Lx4JdpZtbdRDhYemSUyKthICoUi5sCCOV7ZVIr2vw46yZUaM04rqr8KcNVvdtyuruKlgsbJFIskb7robgjt77cRxB7QajRk4tNF5VoQrU3Tmsp/z/ANcw/NAaTGJw8c65b63I7DwYeRBFXVOanFSR5pd2ztq8qT4Pw4PtRWdrURODRh9iZD6q6/Mio94vw+0t+Tckrtp8YvzT9Cl7M5raQjz6yyL+zvfw1EtH+KjoNPwzYy2bmn449R1VbHn4UAUAUAUB88aVwpE0oCn2ZZBbts5Fqo5ra8c56hb1k6UG3vivFIeOqchbBYYnj0MYN+NwoBvVxReaa6jzvSCSu6qX6n5nWrYQwoCo6764rhFMcVmnI8VjB4M3f2Lz48KjXFwqawt5daJ0TK7lr1NkPF9C9X6ignnaRy7sWdjdi3E9p8uzuHZVU228s7uEFThqQWEt2DEELSMEjUszGyqM2Jy4fz7ONEm3hCdSNOLnN4S3vghv6lamrhfzslmmIy5iMdi/iPNvIZcbS3t1T+p7zhdK6Xld/hw2QXi+no5kW+pRSFV2m4UvgJCOKMj+jAH4E1Gu45pPoLnQFVQvo54prw9xNRJvMAOeXhllVUllneSlqrLO1qliOhx+HbgC4Xvs4KC45cQTW6i9WpFlfpKm61lUjxxnoysP02D1q4POio7UmH5A47XjH7QPyBqNd/0y75PJ/OprmfkJtgMvMk+fLuqqO8TZZNnMW9pCEj7Ikb9hhb4it9qs1UVOnZ6thNc+F4p+g7qtzz4KAKA1Zx20AhdadLflGKlmN929k91cluPUnxNUtaevNyPStHWny9vCkt/Hre/27Bv6laH/ACXCRxkWc+3J7zZkHwFl8qtKFPUglxOF0pd/NXUprcti6l77+0WW0m//AIhLfsjt4dGvDwJNV11/VZ2GgcfJQ7fNm2zRwNIR9hWQC/G+7f6Gvtr/AFUYaei3Yy615/8AoamtMIfB4hTwMMn7pIqyqrMH1HG6Pm4XVOS/UvMQKnLx4dniapT017xx7LCfyBQTe0kgHhe/zvVpZ/0zg+UOPnW1zI9tpkd9Hy9zRn/qLf4XrK6X4TNegZYvodKl5MWWo8gGkMMeA3yB25qy/UVX27xVR12l4t2NRdGfFMerNVwecmI+GZvQG1AFAaseVAJHWnRzfleIIa35x7eZv9aqK0Hrs9C0dcR+VprGdi8NgzNn730fAfuhl/wuy/SrC2/pI5HTUcX1Tpw+9JljBreVZWtedZxg4fYsZpLiMHl2sw7B8TbvrRcVvhx2by20To13tX6vsW9+i6X4ISkkzOxd2LOzEkniSc7k86qM5eWegqEYR1IrCS7j10dgnndYolLM5yA+N+wDtPfX2MXJ4ia69aFCDqVHhL+dr6hyaq6t4fApdnRpiLNIxA/VS/VX4nn3WtGjCkuk4PSOka99PYmocIrzfT5cDqz6wYVOviYV7jIt/S9bHVgt7RChY3U/tpyf/F+xFGuGCLKgxKMzMFULdrkkAcAeZFfPj084ybv/AIq8UXJ02kll52bO06mkcMssTxv1XVlPgRatklrJoh0arpVI1I700+4RGKwpg34n6yFgwyG8RkL8bG2Y7biqZx1NjPRqdVV9WpHc8NdH8e857yEtvXtwIP2rjgcuffWtvbkmRhqxx4cOob+rmvuGliHTyLFKoG+HyBP3lPAg8bcRVpSuoSX1PDOFvtB3NKo/hRcovdja+proKftH1rTFbkMB3okO8WIsGbMCwPIDe8b92cW6rqf0x3F7oLRc7XWq1liT2Y5l7vYU0EfL+fDxqIX+Gxg7IdHkyy4gjJF6Me8xDN5gBf8AFU6yhluRzHKa4ShCit7eexbF457hpVYnHBQGpNAVjaHpExYN1Try3QW42t7Z9MvOo9zPVp4XEttC26q3SlLdHb28PHyF1qJowYnFpvAlYbOx7h1VPbdreQIqDbQ15rPA6rTNz8rbS1d8ti7d77vEd1Wx5+LPa1oY3TFqPZsEktyzuh8Dci/hVfe09012nW8m7xYlby374+q9e8oOi8e0E8cycY2BAPPkR22IuPOoUJuMk0dNc28a9GVKX5l/O7Yy+6y7Q4psK8UEcm/KpUlgAFBybO+Zte1Tat3GUMRW85mw5P1aNzGpVktWLzszl83DYLyCFncJGCzubKo4k8h/rUFJt4R1M5xpwcpvCW1v1H3qvor8lwsUPEqPaPaxO83lcmrqlDUgonmt/dfNXE6vBvZ1LYvAj68R72AxI/u2Pp7X0rG4WacjZomWre0n/kvHYJnVyS2Lw7X4Sx8feAqqpfen0nf36zaVI/4vyH7V2eYHqooDNAFAatxoBP67yMuPmQAZlCCeABRSbjnzqrrtqq0dzoiMXZQk3uyvFl42dKPyMKM913B7b33j4camWv8ATwc7pzLu3J8Uvb0LSxAFzkBUgqMZ2CB1l0q2LxMkxvuk2TuQXCjxPW/Wqlqz+JNyPS9H2qtKEaXHe+lvf7dhzOXd2/QeNaybxMpccLgns+WVfD48PazFgDc5nsPyr6fc5WDBUAn428OFfMBSyke+j23ZI3+66NflkwNZR3pmuv8AVTlDnTXgz6HJq9PKyk7QNT2xA6eAfnR104b4AyI/GBYd4yqJc27n9Ud/mdDoXS8bZ/Crfa9z/T+z8BVmMqxUqd4ZFWuCD2EEC1qrMYZ2mspR1k9nOvQ8rcefHzr4bMmWXLP55H/KgTzsR2dAatT4xh0a2S9jK190Dhe/2zysPgK3U6M6m5dpXXukqFlF67+r9K3/ALLp8x16D0THhYUhjGS8zxYnMse8mranBQioo8/urqdzVdWe9+HMkT6zI4UBpzoBU6446TFYt44kZkiBQMoJ98gWtcm44/ZFVtebnPC4HZ6Lo07W2U6jSctuHs6vDb2lw1A0KIMPvFN15Dc3FmsMlB59pz+9Uq2p6keso9M3jr19VPKj3Z4+3YWmpBUGk0SupVgGVgQQRcEHiCOYr41nefYycWpReGijaU2ZQOxaCRovwkb6DwzDAedRJ2cW8xeDorflJXhHVqxUunc/VeBAi2VZ3fFZdiRW+bm1YKx27ZeBJlyo2YjS75fsW3V3VPDYT2o1LSEWMjm7+AyAUeAFSadCFPdvKS90pcXmyo8R5lu/ftO9W4rjn6wxb+GnT70Ug9UIrCoswa6CRZz1LinLmkvMRmDkCEHeyBU2PEEMCb24nLI1TxeD0WrFzTWN+e7H8yfQKCrs8yNqAKAKACKAT+047mNJAN2iQ37rsvrlVZd7KnYdxyfWvZ45pP0fqWTZC5/JplPETE+safyNb7J/Q+squU0V8xBr9Pqyx65Ygx4LEMt79GwFuPtez9a3121TbXMVWjKaneU4vdrLw2iOiwMrdWGVu3dRj8hVOoyfA9FlXpR+6aXW0TcPq/jH4YWbPtjKjifvAA8qzVKo/wArI87+0gttWPen5bSXDqVjz/uzfrOgt2HNr1kraq+BHnpmxX9xdiftgnR7O8eeUS9u9J/IGs1aVSPLlBYr9T6l7tE2PZliTm00SE8bbzfQX86zVlPi0R3ylt1sjCT68L1ZNwuzF1IJxSmx4CIn/wCwfKtkbNrj4EarykjJbKb/ANv/ABGPElh35VOOVN6A5+k9CYef/bQo5HAke0PBhmPWsJ04T+5EmheV6H9KbXRw7txxv/L3Af8ABYDs6WS371avlaXN4sn/APz9/wDrX+sfYm4HVDBRW3MMlxwL3cjwLk1lGhTjuRHq6VvKuyVR9mzywdtVAyArcV727TNAFAFAYIvQGoWgN6AKAKA1LjPMZce7xofcM58+n8KnXxMK+Mig+l6wdWC3yRJhY3M/tpyf/FkOXXLArxxKH3bt8gawdxS/Ub46IvZbqb7dnmbaI1swuJk6KCQs1ieoyiwsDYsBfiKQrwm8RZ8udF3NtDXqxwt29Pf1M6uIjuCO0EfC1bmQIvDTPnSRzwtaw4Zk5cc+7POqFnq0IrfntPorR0m9FG33kU+qg1eReYpnllaOrUlHmb8yRWRrCgCgCgFPtfitiYX4XiIv4P8A91Vt6vrT6DtOTE80Jx/y81+xP2OS/wDqUPIxN6hwfkKzsX9y6iNyois0pL/JeQyCKnnKGaAKAKAKAKAKAKAKA85p1QbzsFA5sbD1NG8bzKMZSeIrL6Dxg0lC5sk0bnsV1J9AaxU4vczZO3qwWZwaXSmiVWRpOTpzWPDYUDppACeCAFnP6o5d5yrVUrQp/cyZaaPuLp/hRyufcu8rw2n4O9ujnt27i/LfvWn52n0lo+TV3j7o979iz6G0zDik34JA44HkQexlOYqRCpGazFlPc2la2nqVY4fn1MrGtevb4TEGAYcPZVYMXIuD+EKed+dR61y6ctXBcaN0Grugqrnja1jHN059Cy6uaTOJw0c5UKXBJAzAzItfyrfSnrwUipvrdW1xOknnDF9rbrtjIMXNDGyKqEWO5c2Khs7nvqFWuakZuKOm0boW0r20K002309LRY9P6WmGiExKOVlMeHYsoHFygawOQ6xrfUnL4Gst+wq7O0ovSjoTWYqU1h9GceRQ9Ba7YmKYSTTPKl7OjH7Jtmo4Bhx7+HfUOnczjLMnlHSXmhbarScKUFF8Gufp6H+5edomIWXRvSxPdS0TKyniC279amXTzR1kc5oODp6Q+HUW3Ek0+hZ9Cs7LU32xkX/EhAz59deP61RrRZclzot+UL1FRqfpl7P0Is+znFpGzu8NkRmIDOSbC+Q3B86xdnNLLwb4corWdRRjGW1pbkvUrmg8B+UYiOEvuiRt3ete2RPC4vw+NaKcdeSiWt5X+XoSq4zhZwNbVbUVcHMJhOzkKwsVCjPzNWVK2VOWtk4vSGm5XlL4bgks535ZcKlFGfO2kot3ETLwtLIL+Dken+VUcl9TXSepW8tahB88V5Dy1Rk3sFhj/cx/BQKuKLzTj1HnWko6t3VX+UvM69bCEFAFAFALXbHF/wCmb/mju+wc/SoF8vtZ1nJef9WP/b6oi7IZB086jK8anxs5/wD1WNk/qfUbuU0X8Gm3wk/FfsNMmrE40qUm0bAjg0jc/Zjb62qK7ymv/Rdx5P3r3pLrkiN/5nYS9ujnI+9urbny378jyr587T5mbv8A63dY+6OebL9i06I0vDiY+kgcOvDsIPYwOYPjUiFSM1mJTXNrVtp/DqrD/m4pWsu0CbDYiWEQxncIALFrm6gg2FrDOolW6lCbjgv7DQNO5oQqub278JbNpa//ABxVwQxcgy6JZCF7SoNh4k2qT8RKnrvmKX5OUrt20N+s1t6HvfYLhNZ9J46Ux4dtw8d2PdAVb2uXbMnMcx3CoKrVqrxE6t6N0dY01Ous8MvO19CXV7sjPrNpHBzdHLI5YHNJbMGFss+z8Sn1saw+NVpyw2bVo3R95S16cVh8VlYfv0NDMxWsSpgTjN0j82GCHI7xsAp/WNqsXVSp65yNOwlO8+VzxxnoW3PdtFEn5TpHEhWYySMSbMbIi8T3KoFuAucuN6q1r1p43s7iXy+jbdyisRXFb2/VkzTeo+KwwVrCXeNgYQxYNmR7O7flkR8MqyqW04bd/UabTTdtctxzq4W6WMNdecfziMTVXHYqPBM2ORlaJWIZiN50C73tAHIjhnmcqn0ZTVP61uOU0hRtp3ajaSypNLC3JvZs8xU4dZMdikDH25n9pjnbjfLkFUEAdw4VWrNWazxO1m6dhaycVsiti/nO9r6xg6R2a4cQt0TP0oBILMCGIzsRu5A93DvqdKzhq/TvOXoco7j4q+Ilq9C3Ln37cdO8pGpelmgxkTBjuuwR14Ahju5jtDFT5VDt6jhNdJ0elrSNe0mmtqWU+le6yjsbWIrYxG+9ClvEPJx+FbbxfidhA5NzzaNc0n4pFy2ZS72j4/wtIP22P1qXaP8ACRQafhq30+lLyRQNpUe7pCQ/eWM/s7v8NQbr+qzp9Ay1rCK6WvHPqW6M9JoHwgP7B/7alb7bsKKX4em+uf8A+l+4ttDaMbEO0Udi/RuyjtIsSq95G952qBCDm8Ledbd3MbaCqVPtyk+jp7HglYPTTJhZsI19x90gH7Dq6scuQNrEdvDnf7Go1Bwe7yNNWyjO5hcx3rxTTXhnZ0Hc2VSWxzDgGgaw/WjN/ga32b/EfUV3KOObNPmkvJjYxse9G6/eVh6girKSymjiqUtWcZczQhtV5NzFYY2z6aLPsBZQfPOqak8Tj1npOkI69tVX+Mu/DPoCro8zCgEHrZHu47EKf+Kxt3E731FU1ZYqPrPStGy1rKm1+leGz0Gzs9m3tHwHsDL/AIXZfpVlbPNJHE6ahq31RdT70mWOt5VhQBQBQFA2wx/o8Ldk1u/NHP0qFer6V1nS8mJf9RNf4+qK5soe2OIta8Mg/aQ/StFn/U7C15RrNmnzSXkxxGrQ4U+c541WZlYZLIQeVgGINuzKqJr6u09ThNyoqS3uOV14yMfWjUHDxYZ5YN9WjUuQzbwIGbceBtcg92dT6trBQbjwOU0fp64qV406uGpPGxY2vdu4ZK/syx5ixqpf2JwVI7SAWUnsIsR+tWi0m41Mc5aafoKraOXGG3v2NevYeO0mG2kZDyZYz4+wAfka+XSxVZs0DPNhFczfn+5e9C4AYvQ8cN7b0W6CeRRvZv8ArKKm04/EoKPQc1d1naaVlV5pZ7GtvgxbT6Kx2CkLCOWNhcdJHcqRl9pciuV7Hs4VXunVpPOH1nWwurK+hquUWv0vf3Pj0rvJWB18xiEMXWXLPpEW5A5by2Yc+dZRuqifOaK2gbSaaScepvyeUWzWXTIx2iJJkUgq8YkTjukOtxfmMwb9lSa1T4lDWRS2Fm7HSkaU3saeHzrD9sHB2USBcawOW9CwA7wyH5fKtNn/AFOwsuUibs01wkvJoaWmtLR4aJppb7i7t90XObBRYc8zVjOahHWZx1rbTuaqpU979Fk5cOnMNpCGaGB95micFSrKQGUrzFjxHCtaqwqxcYvgS52dxYVYVascJSW3Ke7bwFJq7jRBiopXBHRuu/25+y2XaATlVZSlqzTfA7i+ouvbTpwe9PHmh3YzTMEcJmaVNwC9wwN8st23EnsFW8qkVHWyeeU7StUqKlGL1s4x78wi9BQNLiolAN2mQ2HL2rn0AJ8Aap6acppdJ6PeTjStpSb3RfbswXna/gW/MTgEqAyMRyJsy+H2vhUy9jukc5yYrr66Le3Y108H6EHULXKLCRNDOrgbxZGUX4gXUjje/wA6wtriNOOrIkaZ0RVuqqq0ms4w03jdnacDXDTYxeJaVUKrZUUG28Qtzc2vzJ4d1aa9T4k8pFnouydpbqnJ5eW3zbeC7BnaM0W0eiehkFmMEm8vMFgzWPeL2qwhDFDVfMchcXMamk/iwezXWH1NIW2zmXdx8F+Zdb37Y2+tqr7V4qI63TsNayqY4Yfii07SdUuti4F/5yLz/GLeW969t5N1Q/PHtKXQOlcYtqr/AO1vy9u7mOJs3gkXHxkxOF3ZBvFGCi6kjO1hmK02qaqLYWOnalOVlJKSbynvWd45DVqcExMYbUnHLOrLhzurKGBZ0GSuCLDevwFVStqilnHE7+ppqylRcXPa44xh72uoc4q1OBM0AjtoUW7pGe4ybcb/AKaXPreqe5WKrPQ9CT1tH0+jK8WMHZXLfAKPuvILee99anWb/COY5RRxfN86Xt6FwqUUYUAUAUBTdq0V8Df7ssZv2ZlfrUW8X4faXvJ2WL3HPFr19Ch7PW3dIwct7pAfDo3tz7QKhWzxVR0mm1r2FTow/FejHdVuefHz7rLBu4rFA8ppfizED0INUlZYnLrZ6dYT1rak1+mPkhr6y6x4dcFIDMjO8JUIGBYlkKi6g3Auc/OrOpWgqb28DibDR9xK7hiLSUk28YWE+cXWoGGZ8fBbMKS7HsARvTiB51Atk3UR1emqkYWVTPHYu9fu+w6W1eMjGq1uMKEeIdx8Mq2Xi/Ez0EPk407Rr/J+SLNqi0x0QRh2/PJ0u7cA+0JGa1jlnmPOpFDW+B9O/aVGk1SWk81l9D1c9WEslT0Nr3iopt/Eu8qZqyWVSDlmAAPaBBFj3jvqNTupxlmW1F3d6CtqlLVt0ovenlvx27GeGvescOMMbRxMm5vXZwAzXtkd0nIZ8zx5c8bitGpjCNmhtH1rNSU5p5xsWWl3rf8AzbwumoWrhXASR4hSBiCxKnIhSqqL9hyv3XFS7al+E1Lic/pjSGtexqUX9mNvDKbfdwKRpPVnF4KYNGrtum8c0ak+ZtfdPKxy48qhyoVKctnedFQ0laXtLE2llbYt47t2f5xPLG4jSONsjrPKAfZXot1b8AWsoW+fEmvjdarseWZ0qejrLM4uMXxetl9Sy2+xDI1A1YODjZpbdNLbe3cwoF90X5nMkntPdU+2ofDW3ezlNMaSV5USp/ZHd0t737fuc/W7Z+MRIZsO6o56yNfcJPEgjNSeeRvWFe113rR3knRmnnbQ+FWWY8Gt66OlLhuwVpNmeMJzMA799j8kveo/yU+gt3yktUtmt3L3LtqfqVHgiZC3STEW3rWCjmFFzx5kn0qZQt1T272c9pPTFS9+hLVjzc/X7eZZMXhkkRkkUMrCxU8DW9xUlhlVTqSpyU4PDXEp82zHBE3BlUfdDgjwzUmors6fSXkeUt4lh6r6cezR09E6lYSBxIsZeQcGkO9bvAyUHvtWyFtTi842kO50xd14OnKWIvgljx3+JYWUEWIuDW8rFsImF0Rh4yDHBEhHAqig+oFYKEVuRvqXVep982+ttk2szQFqAKA1LgcTQLaRp9KQJ15o1951HzNYucVvZuhb1p/bBvqTIMmteCHHFwnwcN8iawdemvzIkR0ZeP8AtS7mvMVevmOinxpkgcOpRBvAG28CwIz7retVtzNSqZizstDUKlG01Kyw8vZ0bC47IH/RplHKYn1jT+VS7L7Wuko+UyfzEH/j6svlTDmwoAoAoCtbRYt7R8+V7BG9HU1oulmky10JLVvqfau9MVOqEu5jsMSf7UD1uvlxqtoPFSPWdppOOvZVV/j5bR9VcnmwtNYdQcTPi5ZUaIRu1xvMwbqjiAp5jtqvqWs5TbWMHWWWnbehawpSUtZLgljf0s8sPsumveTEpxz3UJPkbi3+Qr4rKXFmypynpY+im+1/sy66sarw4JSI7s7dZ2tvHsAtkq9wqZSoxprYc/pDSVa9knPYluS/m1nnrHqlDjHR5WkG6CLIQARe+d1Jr5VoRqPLMrHSlazi400trztz7o6GhNDx4WPo4r7pYt7Rubm1/LurOnTUFhEa6uqlzPXqb8YPHSGrWEnbflw6M3NrWY+JFia+Sowk8tGdHSF1Rjq06jS5uHiGB1awkLBo8PGrDg27dh4MbmkaNOO1IVtIXVZas6ja5s7O5HWrYQzFAZoAoDxlxUa9Z1XxYD518ckt5nGnOX2pvsIM+sWETrYmEf8AuL/OsHVgt7RIhYXU/tpy7mQ5NdcAP95U+6Gb91TWPzFLnJC0PfP+2+3C82QpdomBHB3buEbA+jAVg7ul/Eb48n7174pdq9MkOfahhR1Ypm8kH8dYO9gtyZIhyauZb5RXf7EPEbUlHVwrE/ikA+IU1i71cI+JuhyZk99Vdiz5tEGXajOerhox7zs3yArB3suCRJjyZor7qjfUkvVkJtpeNbqpCo9xj/GflWHzlR8xI/8ArlnHe5PtXsRZ9fMeeEwU/hRMvEEHvrF3VXnNsNBWK2uOetv3Rz59a8exAOKlufukL+6BWDr1H+YlQ0VYxWVSXbl+bZFxGl8S3XxExvcm8r2+J+ArB1Jve33m+Fpbx2Rpx/1RDmlLdck9m8b+efG9Yt85vjBR+xdywa4eO/VW/ui57OQz5+NFtPtSWrvePLxJsWicQ2S4eZr8xGxt+zWSpye5Mjyu7eO2VSP+y9yZHqrjm4YSX9YADl94is1QqfpZolpSyjvqrx9Bh7M9DYjDLMMREU3ihW7K18mDcCbcuNTrSnKCesjltPXlC5nB0ZZxnOxrmxw6y7VLKAKAKAKA42uUe9gcSP7mQ+ik/StVdfhy6idoyWreUn/kvPAkNCkriIW+7LETbudSaqKf3LrPQ7vDoTT4xfkz6FeUDiQPE2q8bPL4pvcQ8RpvDJ18RCvvSKPmawdSC3tG+FncT+2nJ9UX7EKXXDArxxUR9073yvWDuKf6iRHRN7LdSl2rHmQptoOAXhMW92Nz8d21Yu6pLiSI6Bvpfkx1te5Dm2mYMdVJn91VH7zjKsHe0+Zm+PJu7e9xXW36JkKXanF9nDSH3mVflesXex4IkR5MVfzVF2Jv2IUu1Rz1MKo96Un+EVg758I+JIjyXgvuqvsj+5DxG0/FEexFCvbdWNuz7YrB3s+CRvp8mrbP1Sk+1L0ZCn2h49hk8ae7GP4iawd3V/iJEeT9intTfW36YIb65Y9utinA/CqD5KP67ax+Yq8ZG9aHsY/bSXa36tkKfWDFv1sVN5SMBl4GsHVm97ZIjo+0h9tOPciDiMTI+TyO/vuWt5E8awbbJNOnThtjFLqWDwKLkBbP+sv6/lXw2Jy3slRaPlbqwyN7sbH5DjWWo+CNMq9KP3TS7UTMPq3i3vbCz35XjZR6tYVmqNR8GR56StI76se9PyyTotSMe3HDEeLIP4r1kraq+BHlpqxjuqZ7JexMi2cY48REvjJ/JTWas6nQaJcorJbnJ9nuybHsuxJPtTQqO7eY/IVmrKfOiO+U1ulshJ9y9WSo9lZuN/FjPksX1L/SsvkeeXgaJcqV+Wl3y/Ynw7LIB1sRKfAKPoazVlHnZGlynrvdCPj7omQ7M8ELXMrW7Xt+6BWas6a5zTPlJeS3aq7Pdsmw6gaPXP8AJ7+9JIfhvWrJWtJcPMjy07fy2a/co+xNj1SwK8MJD5oD86zVCmvyojy0pey31Zd5Oh0VAnVgiX3UUfIVmoRW5EaVzWl902+1kpVA4C1ZGl7d5tagCgCgCgCgCgCgImlYt+GVPvRuPVSKxmsxaNtCepVjLmafiIXdAXMd/ZnyuL3tzHlVPwPScuUtn86vUgySAm5IJyzJ/nw/1rW2SoxaWEekEDMD0aFvdBNvAjz/AKNEm9yMJzjF/XLHWTotCYlhZMLMb2/s2F+PA2tWapze5MjyvbaL+qrH/Ze5Mi1Qx7WthXHiVHwZhxrJW9V/lI8tLWMd9VeL8kS4dQMe2ZhVO5pF/hLVmrWq+Bplp6xjsUm+pP1wTk2aYsklngUH8TH+D61n8nPjgjPlJapJKMn2L3JkOy2S1mxSDwjJPhfeFZKyf6jRLlPTz9NJ9/7EyDZdGMmxLED7qBfqazVkuLI8+U1V/bTS63n2J0ezXCDMvK36wA+C1n8nT6SNLlFdtYSiux+5Li2fYAZ9EzH8Uj/K9qzVrS5jTLT181jWS7F7EyLUzArwwsZ967fvE1krel+k0S0vey/uvs2eROg0DhU6uGhHeI1v62rNUoLcl3GiV9cy+6pJ/wDJ+5NSBRwVR4ACssIjucnvZ6V9MQtQBQBQGrNagNAc6A9aAKAKAKAKAKAKA0J8qAMx30BsDQGaAKAwxtQHk2dAc6HVnBrb9FhuOF41NvUVr+DT/SiY9IXb/uy72TosBEuSxovuqB8hWailwI8q1SX3Sb7WSAK+mszQBQBQBQGG4UBqOVAF88qAyo50BtQBQBQBQBQBQGrNQHnQHqq2oDNAFAFAFAFAFAaycKAKAwD2UBlRQG1AFAeJPP4UB6KtAbUAUAUAUAUAUAUAGgNL28KAFFAb0AUAUAUAUAUBhjYUB5UB6qtqAzQBQBQBQBQBQBQGCKA1vagMgUBtQBQBQGAtAZoAoAoAoAoAoAoAoAoAoAoAoAoAoAoAoAoAoDCragM0AUAUAUAUAUAUAUAUAUAUAUAUB//Z
bbbbbbb1-bbbb-bbbb-bbbb-bbbbbbbbbbb1	Besplatna kava	5	https://img.magnific.com/free-psd/aromatic-espresso-top-view-coffee-cup_191095-78008.jpg?semt=ais_hybrid&w=740&q=80
410ce554-6026-4cf7-b71e-999dd5db093f	Sok od Narance	10	data:image/webp;base64,UklGRhgxAABXRUJQVlA4IAwxAABQwQCdASr+AP4APp0+l0kloyGhLZgN4LATiWRqw166C8kr778tfaLtz+s/HHtA7qI2Hd3nT/4vrU/rX+x9hz9cunF5jv21/ar3a/S9/YPUH/wf+m6470E/Ls9pH9z/TA0xLr150fm/8J/sPCfzk/Y9q/9IyN9jeqP3552f5D9j/I39z8Rf+e8xmCC4FwJ/yfNf+Y9QD/Y+f3hD/f/UO/kvpD/7Xl4/dPUQ/tnny///3Qfup///dM/ZP//pqKuTTF8TrlQ1ogFNZ3B4a/IbXFhJEbv+vAp5ji5N2AqjCTWaNJFLEPgA0rNHwZ/kNrhpXF68iPuQnNAtlvwBPoPcwPXkGcxSyA6S7EMvzTXZI/5MTxko546MhrtOnLaeBTXnrJvnuqU8yeiUjgtcJbcWyF5LkeFNKeEio4mDUegTnku373VjGcBYp5kXT7cxhdkjLhyml0XY61ycDXunuv3zZpTQO6YMY1j6siPS7kvzsi/+bEz24LgVFHyP1fJer46GhsAQ1MhfDqpwvsSMaq+MYwNsvqKTM+dYY7UvCmJ+JVs65LRTfKXob9sqGsjlhTwnfPvCVz5jaiGjrdHs/mCgpg1SCONgEe+hm1ObVTOHjPasQvIwySDI5SZMmVgwzHiXBMFt+ej04j/WvQrBzLsfW+AgzaK2lsQnUGZR/647U1YRJ378xvzLqP0S37OqrgQOy2KyzH99zOQ3K0dvXCdsQN1uJfmRuj2F42Kr3cHYUmR8hM5eGVyhum8CYbYM9eapOq1lvE6H6w2ifDr93/7W1GQFWW3TR4VeMyA3zmewsuPzAhbY1/AWvMlVqQBKeR1A0lDrcTvPSZ/Mu9IXOGd9Qaqk+bPgLTeOsa2cpPTMEi2V2WDVw4d8AnxRDCRwB1gsstW1qRdVbYGT0Mfz5CfPkCUYIxrzfVqMb1VoHLAgmH4uKkCw5TfJbKWQ8y/Gj2/P5HL3tjWmK8s5wDZeEjXoKtqox4kzj2sD8OvKb4vuf2lV+4EDDiyeLZis9en//ZBgfn9qBGfGM7/yNrQS8wHWk+8EftaZeSWQ4BlQu45gct1G501xj3eQs4VRpsnBRHW8UXITEjdzTsC4er9eWUYjjoM5y3yuDcRljLdAOLwzCe27kQc0P4DaP+MTvk0TPDTF8Td2WshS+FPcs1W2TKAUoxwL90PQIXecvgFeYrWi8YvHsBBYPbVYI+VCnkdAdNnXW7bPedEntYoHLaQ1oJOMEDgm9fer13DAp5WhTNLcJztgcWseeYYjMYhNmg1ldOPPkXCgzVZc6hIjnotDZ5zPuYa+90Cpp8GuCvUequNBA+9eIIvfMrxwa6cFUj5qkRDzGU40TFYwfzfHpH+G+xppsc1S9K271Aru6ejlyfQ333B8+Wlg2PQZfZgWLy6RSHaa5oUPZfHaqfzAtqut7sN9dZ7la4mtezbxrzvZ17sLii7LPxQeKGC76D74eliD5b9vBlLVCcoS/aaHAsosdyniIKKrUwDJz6EzV9yboZLdRiTXAF9gg9JWiCLi9zETkMHeawP//dTtq3C2IwD1xIXfHTKcJnSofGDanUylpTlQhpucByX+4sD48LnF3NIKNkQRZC/YDrgizP0+hZUQjBVBkdhXF2GfjXRQNBM/6mHrUoYQ+ftAg3DDbsYtK/us7nPuR5xYcnss/5KsANyr9CTJ+d2TsooBaWcQ7r3aDC6f0EHZn+PoEHtqYhf3fyG+LMI9eofZexhgqaxTmzlGB/zBldryveJJroGExiaVuMGEqLp4WHMatnYYP4imACKCUC5D4MbuqxMybgyyNLbTOAMrhdpU98t2tw3WPGagZW0KdsP7R8KIhDag/IFodt7LS0lCBVjZr5ngrLEDKBBUMZtKieLvy1Dj7tXoXgbmGz9Xo7Mcn9Irvh/9pgwuhtIwTwfL1Dp4nN0ZutOLA4KDqUQlPnj18nZobjx+ucdZsL9jqdqrURNGtl7X0yHfyl7Eo7UjrjEyUmFYIs1U/t3JnDBt8Q8tmUHHq94bGotzMz7C6V2AnWTf7UESVl3HamNGec/BhOa81mFZG/YY8HSKAxtB9tGC/6zAAP7nvxwzux3k4hmyzwRELCQ/66goQ1IjORTtTRVqViCU1dun9Jcq6bimOmm4slqpYnIKTSZNl8/iHR1Q/TX3j9CE9c5W4YcnxUfRKed9aN/fYNlpk5cs61Cga7+b61W6E4XqMR9b+JOnJPjmdBp7QPzXrDDRVlEMk/Hi/VWa225GM39K1XhJW1QfokeAmkDIyUEqWKzZ+EqZxqb23mdRVtgx2soAXSUwdUTKK+IMUnfA97WnlbEY6vuH3/SKGv0WG0o/8p08Z5T3ygB9FoTJPRaRThS1U+4tPS43t6oscI2D4y5XKtWXySq1zkvTKvyEjcUosnATMp99roOqbHIrxhKbOSmcJr6rdYWo2PMzjqS+f6uGjX0J+ZSKTpgb1OMOndBMPBTzl+B5I3/shq0mBdWshEct8bjI1tvPGM989mlQT7AvuHQvC+EH/sXGc4neAefbt6Ej2a9DaSU18PocM/HtoOdS595G+S/zD8bqOEEu6kne+RrunIAS9ZECZvyHdez7k2Z9uVyr3jPOSBQkVoPKXqS+ElfhCZob54oOjkph+FIoA/BZn8C4+p7mWRSJY0Wz0cn1nsMt/5bhHNI7DCjXsBRTssPpsKNbTI1PPsaQV5AsV/3XfQVC+bGK8J1Luddsf1UPmXP2GZsdvDBxc+yn3dqTJ1AfvxmtULPitha6rTaLNqZh9rGGoTc8NiSoUqiD5RScLw/Xlc1b8rygPl0IntR9Aonm2Q2xllDfRqIJiahWys8OOD4sldDgAwNml5YgFGUK5U1c287Wde/uOwzDK/oGixJ7N+N4R95Mp/21X2yPpMkC/8MWb0rtxCaPK1MH6lBEspe5iPNW9HMgzwdAYBif3k8dEr12CMMDH8gmF989Lw2n7z/RPlHi4ZQxlpmsx4cv/BVVB7TJOdRiMLsX7N0vvL1xA9g/CVtd9TkKde9ZwMB3A4Z3L9oY+dsVYS3bhsWPNnQoUkcnjY5QuLtTNGZXu8JHfHtjoQh6g0l2O6xUI4w9Bsfw/UTSL+05ebemvMt77Syy6GEv3pgZUYwBozeLuV5ziOWhxOXmuZZpLvZ2YSZlrGFtrHJ69KK3ABJbweBGroupdav3/or0lLfMqhe38tAvnY+xuzaTlVVC3Ue1cKbCWUubrvr3Z1ETwG1k5PiLjx4Iv72IxieLmSYlfNlQ+XF7R9g9pNsBGtyhi6m7Ia8hCpF4yZW0U1hKvGXjar9XC0Uj2Dk+G+qWrIcP4hiL/QUln61+UYhju0wTrpO88FMHCTTFUtCcLOrTE6MmOYJg66X1uN+FhoJ7/ue6bRZIMZY/TcCNgE0/fdqQzEwqMt59gCmwtpyWQakf9/3yuh/S590yBFoWgl7Sf5S3Krw//CgsIxlLZnIeA90TP9wkgwnsSd8r9ZoFtf4AudtmBYbMnlGMk1G9RFNM/rSZs7ipLX+wpZb1Pzp0nNYh3aYLaOZxXODvJ1OXYlvc9ohCBNrUDQbEdGwwX+XUZwv4LRyyvMvOUh5DGIkGjnsRe2D+Ye/jFumTP/Xk4yJOCzqpeYopN2RIKJBt+FHPbuVP4iVxUDUXpjHwEuYAG0zMd4tsUlVv4KMdfu07H9jDBrNh8ppyHdGFQj5EHAQBJ1Zi3lWwlQZln9YFOxeXNuN2nc7e/g1t5OhIh9z0lwArLt4fkZFiCdfu6NhpUtRxojgF4Mv3o+Rv1W6+pR03JlWl6MXlC4rDSXAS2Rc9Wj8eAFgfn25bbJJIYahAl4pdUd+ym9X1U0FHwVk09y3kVPEG8vnXTbWaBbGEDXb8KTFTVAt1V1V5C7FfLb1MtXIQ+OFu7ACzg+FyuJFMR5eA2DjTtesgUFwOj2mi/Wpj2hrU9WAQdsmpQoCY6t4IPzZbY7Akl/N+o0CaeJsDf7e73S4+SxDtVEB0s3Hgedw+fsAMPYqHw+IbO+/kNyUXVi/1ur+tmMlXrDIrXmm8IavpAk1J2PG7ztK2AW8DaTnMVNokfXVTaUDnJso8yYewxTSsGFMBEeWWc6SrFmc475IyJzkihfB0g93RBC3eSYYLLQZNPlm9No2VzLAMfnE0hY0qlwT4liQ/C7ZEmL0owjvt8opD4Bu70q0JeiIRtXy2sAKfthsEJnUZ7xBLjBzatrneeNuEyKShJRubjnvw0uTFIwVDPufJ/gr/dWEilYSYdD74jzdv9ObgEazSHDv8gXBbWqFOhIBb+ZbR2qySUkOjE6MD+WWsW8iuuPWmy7gv0J12q1It7xfM3OUpWDa6BcHDQNfKGlPMnllQ0m0z7HUbRC7UZdfCOvtmjYdIsmQjrpEW1TVeUpxzkfSxmYCKEWhJ6GvUwdf+kacclEMpHm0Adt3++CdB40pT7gVpXf5ab/RDz/QoQpqIYZUGGk15LaTPEPDqEUaGQcBEAFzyfHf/9xGK3PjCUZG6BntwSBCzRmTjpDfrYv4wivdur7Gkhkbr18Q43ru7ECBPwnKBJPzXPpm8OgA+nAJKxMCH4T7cCbRCOHJSUDD1BRoBUId2ROcHrMzQ5VuYW+uHmr+lDdaHFwoKWMVnKqprazMd6UDNNi6WpSu3mhuJtWu62w7gxnb1vcwZvIcPGU4RPmI/Sx1+WqwyyaKe4yBXiL/2xl7hOMq6j+6lepKGqkNbiLL1gJ5zyQsC2D0r+y0cLHG48eoE/X5fZw7mxKjtvJajjXTow6yNREXFlWJQWfYFKRnka8NKhycPnCvzyo4oAk9pE11GTM+TXW/t/7ZLgOju581sAxhQ4e6zMm0GnLfQd297FzWpOvZVR0v3VIoADHb8QehrNYorsFygBvoO+v9++X7TdIUgVFvi2OBkxErLpybI19X7wJ4MC+Ale/UUrCx7J1Brl2vHc/GGJWn6MT4l9oD6R0Ab+7fCrFssiUCwDsbrDPli+g9BvdzFhDGJGTYAjrRjCkhB67RWD9zrVJnc8a8PaphppA1ZY1SQAtIB/TyZnfjZ9Pc+4LKf03pMjakn2YQBAqfgRmyWyC0HVSo3P4EzITD0b73swlQ5NeAlfSg1XL6Mis+bKys20DGRaSIINLhOlTbnMlM8rh380LQxWguGD7tBY9GUInWHIWCRvM70TvZiB7B/vjAEuCnvwQzvYsAP6MZGGqhsvSEZR/zHoUwjONu8Hty/QIZ5VXpfBRzj0P3NGx/N83jyhzL0aM+PRI/0iP/1rU2nNh1yOmbI+z0tN1Cpt6O91rfhB6qnXn7XicJc72k5R1ORf+NmaOckGy1GlUNEfVS53DxaXVu04c2zF/Z8ryWEV/A5o3MAh/fCAjamluHqHg/b7rMko2gih3dpHjTHUC6V0w1He8+BqSKcX9BOh53dZjpciHcTOAkT9aiDjd2/gnCHV0BzxCH5umRPxF1P6CsvD7GW6mR50arUZZjuL+4rgSFzxoiMNxQQboxDOBDBGM+FHrkCmx/tP2TelbjB0Te9ziiL32gGXc8n87sp7PUn4C9D+YvFCABPKB1uIa2Ju2XaB8ryMohZ6SmybKmqqVZLc7ja09xeIRjswjnTn5nzSiXe8xEPczlTzSer0fnNBnrC1sMwvIeUMfKnjnVFD7ST9IpGh1rkYcL4EsJbegq+QIkfi5CwjA8fsrUS0/MILZXOZJseRH427urpKH5SpopI2lCZ6neqEtlizCQRpZe2/T1hNQ1rgtUU6+FzuyCMcX2N4RAmL5ZlWs9YYTHNcPD2thzzMvdiq5m6Zsi6G1e1ePFVI4UJwO9FJ1algHPZeJRdI74pwKP2y58TAFo/BsQ7llejLD7ThnsMzqcssln/bIsawkMsst+GNlqlIndDv5qy8p8Ptp2XpJVya/b/CNmvSripcFj4NIGIoEziw0d5/8O+vLlSSrYc2RU2mFrcRg/52PU3FLfbl2LdP0PRNDi1hacKFHwVRBAaCetPhBoPiKPjkj/2QZvwKJbsj2miQ0S14O4zy/xGHPRCmWdUgdMPyjQ69cIqwMeQCQ4ZUy8U+Prv8Wr4QWCYepRqMmTmuJrU9ndYVMsF6BRtyMa6ljgWolIidk+dXyNZ2sn7rojEuWR8pDT2Is+2dObpJhbAIdosLWNqe1NvapgOxtopW3PRu8AV5uBNCC6d31pqT28z58shOJ7ZgvBCSNs5l2KbMS97afoucGvxDQpdCjditY8FfdlBcuhxZTrjxZoQ2AFXjKwiX2TB1X3RFosTFyCLEIHpKGEVxbAujeUaiWIsHwRkGfV2vmwaMc4BJc3HYxXnTYWfljoqQ5SWUVnVGFUuKMsg1R64rK4QMgm6HsrKtirObgcZ7ybqyob8oU7Bp3LS1lo3xxnr9+apfNi148AfDsYOC6ZE/FCDZGzYFLB+4YxH4zHW7jlhKoxKupmx7UwAkueWf8N7H9j+J3tDlR0KZBfhxO1xYKiB5I12wAe8LHI0bSl3WQ5/ZI6SLUyBmsNQm/JRpMPe/MuILajgVZhR0N4AnvoOrlAsOFPZzdmcBxT1gz1AYzioJzgODTLJsoS20VBuPulPDe2emQzRF20ssdWUFEY/OEI+HmsxvL5m62iOSVxX/aFPmQZqLjt4JSk+jyeMeJEVK6diB2jWLK57xx3VsNhf0oIbwywqezj/vOMKO8rIvwH92J6N0kG++fV2o7UiXgD1Jt3Hci3VEmjY+bUk2Nn75jFXzDdh8Qt9jnF6sRWYkwR9aYkGUSWMZZVdOjDrI1EREq9sOK6ZpG30BVvhNO4CNKm5oeI8VA9FoCXrT0jvK5y22Tm9EAyOoewpxvd/+K06jMq7bJWUih0ZeF3RKieAcho4UQsh4uedKDni6eTsDJUG3hRLLYqljPeDCQtFmQUTl4LUcFfqC9wCVX7R2jVSTinTU4xQY4rnmBpL4e0EOL4zYwC5FwgwjGkDnY2hHwa/xPmthVysKclpWWkvtPhVrPLHb+Laio8c73Tc/pqZD4AvlUJQsUdJ6VFyVBbU+TBRzwTXQYdjKj4OCyzthaSirDsHxebcI1nyK1j61kP9bbOP8onw57xB45qpTxooLq+ch3UpI8bNbfglAubmBu+ZIVark03oeC6ZoK2lL566fBdX54zpBPLnjNEePAxQVcUU9FCWGXOo24B12jOsyJzgmO9+woeoMWlQrmE3nIx4eDEuRBDTqzBOjDD22D9/fU4U3GM8egosjnVOWjymQct4Czl4rrAW+L4rBUySSvz8ppz5zXjpWBqgbNENteLHTxkUTuycOqzm2JeA+4jfFJQhF6PmcuS/bPgCoh5yrZmBicWjhUkP9RTAzOOXmS13JBT9/1lsAraTeOnNlM1wGMfZQQ0R/z8Jt9i156N+Zwc7f0VDvMuPU8O4fWDe2sTDJwzrbD17QKbX3USBhfMmsHGe3g3gr0YjTTtArzuX2qYM/2mdOM3N9vw5mIMaJ8kOJk1yjf6zZCgTTsRu/LSO3GxRhLW4O8oHY5VgJ4Cr25ZwJCrglS1+nBHh9d9SNo+QRjccwgDUe+k5dyxYuaInnwxAmjt/laAtZxaK64IPR3HGlVjp4ieYuZ2iCqVhW/nBJNUG3nw/ZLvZfcv9xZDbf9/BPNMopghQ1jSWwCdWHXp1k5AOSWADAdEE4mYWHlPOacMSnrjG5iKpT3O5J4YxX/23FS//VzyJI1Q/EUIEMEX+TXkuRGfc1ED7A0eLKYMT4nZN+/qlEMwZeRxnCj2N7xzsT+aWkeYSo3Ey33v8/azxeE3tCG+YNMfW6eWVH6TjwA9g/ABAYgP7b7msSoIurW2z++SeG8QYiB9NlEkeSjqI2XeFHafbi1AfLvFj65/FRNIh1u/47cNOBFsSBM4ikKAKizpImkwKpDOL9JxlSapfZwT4o7Y5B+BSF+h6wn75EJMyDPODnUOepv6WQafPPwaVesXlWCsgb2UWz0o7xlJAaME1a4vqQaR0CEOKEQ8r8QdMirPICufaz2i9JFEYrblouUFgceaFuU2WUQ3AxLZNVflPikLz2GCe1sf4d9tey3/5oSqsWz5LBUk5cO7xllGDHTMWCAn42rCA+kp0taQT3hDJPBKtBjflM8AmtnJYTLViS3UmHQgmRm1bD82W1/tTnAbh5Pf2R6S+2HMsiKr4jdWKUr2RdjaGsueNDVYHPQVwaLvlKqt0TvBuhHD2fzlHhUbwRuW/ZJmb9WYJaUFMg77BEDIcyqmohgs2XSkpGy0MIJkbgPpvHiStU9QHZjyCe5mVpK40SeagI3Qzxghs9k4OigEyRJCID/av0gxTRaErV74EEJYJbHALpZBuNYHIi0VzhBSMIRKK6Ol69FmC1jlE5iwyGXS2BAZXab+khOgJASNhEZ5xCLyTl6Atz65JUexgNP4KH1jvWvTmVqV3GS9KOkV47/ja+VVnhBWg7cXqXGhE2FqJcNmKD4+NO5RMkH9M01F4nAic1/O21izwSN0zve/nfg6W/3AQlnWQO/51IbCzOv9aDGLJEVYDiccFrY36Tfl50fD05kMi/UEPQCGk1zFyj3Rhgj1wYzdEzbsSbphr6Zh4SKvlbU1T9aHHyA4JspaCCKXgrJ2dKqbqMIwjhAuIw8E7d1aW0hZxitlU2XxlqVUyd1P+qUEf7chxX/sIC6MnWyNPEB73c5C/wOYcLGgv0X9ZvhecVde1CxFXPgjH3fmXvX3lFbLqBddtEl/75Ifc/rbUQT4u0NaRxjSPnYJOrDjurXiM2/n1izwOyr2QnAbC+jVcTnz+FYuTDK83z32jeppelXyj2h2wcFxn++ybGDEePleEFVhD7QrjTVCRwSWBO/l0tGaD+pxdHii0+MTqlEvW/ouDqRvG91VnxDoSn1rM42GQ+a4gvAWh/NNo5f2hx8bbROS2db3OUCa4XNNWvi6XOYq2DQ+KvrKiwtn73hlkGwnK1V18MUZN4g9+GFwZ4DNCIaH9GxpVReSTBqkuQ54ORWLWaG4QAB0KXIo9lCTzgNXUBB+7uEUEeBxpWt/P4JUKlJYJzaRyFqb0SToEJCKrePAhUfaXeRYlS1YD4pr253O89vrmhzzmjQlXmdECe6jLELETDSrzy1AzM3AbJhRJjh6TYr2X7X2OnECchqU7n7NNd9dTiypn1beRhQUS26DJFBaPvhzWtJXYNJZv7UIN2lZ1Zj4NIKoVMT6nsD9DbYlDu5KXrL7HSln4HsPzf4yKETkNYVxkcFvrEYH6RFgazeL59AU+qRC7LhMRtAePprZIqXk1ylHyNhhStA0qcnX0uq18WIvcsjMJNpiQGXR24PGFrgBpL14qDsF2oI0DuGD8zLts/T3U+Juo4Id8UpptG5FypYlI3L+urfcX42RkR1pL7a2VMILLTZ93qrNO/4dPDnhkMrYwWQmeV6NiJjjPqW8cLEHufHbZZMYa63faAbuav6RXzltP+dGwfHI3iDORYCpb4uq/CMDWJ79jcV7uiBpJ2hpj8O4DUdKMFq8NbiXhMEJtUAtwTvSQrR/uL0DXv8+aYeGgN8NA9eUATnI+RA90obS+788tBJAVS12zsPM3J3x8WcskOMur55j3Magdljw4ZQ1KRrYaLSKjxQl0MXCLUEk4NVzd1vVQsxpONBKIg3r60BWNxuYmovp1q+3qBWjFKiHGr/MJUU8rHnUO3t+UQ48RDpqgPTVEqdhoYRW8Ydfn/gr5ULabzZvv2hT8mvXxOWxbxRJVTBj3r9E53I4QQPN9sXTNiE6ORuSvs/x7HTfqR5oBdWA2QfeJ/d5N7efJMVbtUyxLHTIvctgNbp+HYIQ5vysKXaQTfhEqUgE3uZEqp3KY89qIyJQyah3XFnV0Y/33GJz1yJ8Ws/vamoxbDlvflAMVoISkdV1dcWeWCaCRsIhuvE2vQjpan+EsVA9I11cSezmzIN0/PeFUkUcUTK7HptdB8s05w7+uchGnxYNJJ8cfzC4OA28zbwLRVPT5ji1goUNJKuIqkBPvUqu96H5M5XMw1tiRZ9B136IR9/fwjyU0NYD3YGaAVkgGT1cxPL46lyQfP36HD+BS6VFjrHOPMCrzodMf3UaJ870ylhQbW52cD7s0Za5Lia6HUlTGOhZAH5zbJGIztgDNUIT+2UHcxH4a3ljrG/7o7YdaHuxuouwDzijauH4CxMgQHBDJepJK5SDDl+ImpjHAnESl/TuhJzypHQKUGhgol9767L9H2OCD0LbgemiBkgcw24myy6RWPnYesU3rQVR49ZAfRP/qi76958LM+Qfmxkfzb6sZVicvhVZASAoHC6fRft4D8WcX3T2oZpzGHMEcy7+9M7y3yHwOA+KoeOXI2bSbNMR5Y+cXssmKpLHD1MiWCM++OxRb/YqZ7msZz2HR3jvzMmg6xpsrlZlyD3aq0uu0Cm08NxJOdhZTcYj5KA8W6qOGhI8J1ghRbysEa337CdGRzgfNfOsA6pag/+QZAtZg5oaVPAC6gumVM32gqqWjNykbFO6CduxTzaiKgFzaKRzQIdTemtyYWHR0KcuSYP0fnevXFPyVePOdIffym2OgDNpE7MGImM15Q4UC2oeBPcfhobIECKNS6pITmjaBnVjDSl80Y0r8dcDky4BSxVr6Ws0DDcq388KxveOIFA1FEJOLmuepachDULw5XsYRq9mMhZ/TOpszdp+iLKkMKgV4SdPr44FMX5Uwgu6fesz7C6VgHCqHKjejSK6vBLAmqQwY69A7Ix8v87Rv0cvz2YC6ebYAQ4kAlzqnY02A1aIBD8HGoiCQkZ/zXZY2XA0jcT3Clg23+FhY29zPA2FbEUhG+nuuHLiS0lUXJvlisC/FNjI1kC5KZFMB5P1wIoywYG9K5xJFJN5CemvxEMgjsSUdaIBCu9DwgI02VyShxkZqZv5Ap4zdk0W+tpmWZvdEjsmr7ezidP5ir4xKbg/DweNi9vATfXtZdqEe39hbP7eEJqc1Ysb4vR8z7M2kUQ9Yg03Y8zCNuAyJ5MgTQ2QJFguv0YYWDlNMIurSLCcR+0Bx8FrJocIhQQ1xWmR6hfvm0Y4OYvy38EP89exakjcu4QAz9W7shSGKbAG4EXBw5gd3erF4GNqedJssd0GJUzm/QLWSzpGRgvkmHWHiMaOXEXCgcA66VVDk7cRznO+Hu1PZk+qKOBi9KWqtjjV1C9J35KL+4EGQxQw9w2PvO8C/RcttKgqrsFnLSeuPiSI624cNE7/+7/4ylri4FaUdse9qDlCnx9rlqwgfS0PqGsQ2zsaN/luvI4Xob26GnoncyF2sk+EB+C3IN68OhvvYY32vzg5YV3H5QUTBJZqm8ToHHaMMPQoJbS4I1FzePtkL4oLFeq4PfJ5nx+SzdZ5vvebN7nAV7kDQlZtAf0XZosw8S8mzeZIbQ1XuPtEc2iDzKdqgL+K8Q3VerxNKVsMxnmZSf3CRzWyjHJyYeok/2H/FytqY8y1bXnGS2h3rP74TAOftvVM0H/Tl2+IBEnPQ2rUAqVp2T26tQxzsROvFDZK0Yt9Ihjc27UE/CcI1fy6ZJRNgnsia5oVVP2MUSj8CLUOFyYpNJ49bQTbPOJ1l/oQPQcoNgRkQbpQnWprx8+E0cYRkV4IvFXVny9X+iE5BlYkSyS6j7pF0F5HDbqiSUKn1Z6207/lO/YBbzX3xH98B72HNJCxLysGdOcQXVZVBuiZY+9RvFElcKYM3SJzlKLXDimTg+OO8kx/m3NWHjnpjil8UJmekWl+f9SsbiCUNMKlvYlJxmX3NQt/gWFJa6M50jm5fjAbzXFyVLVvYwDMLuUGbQQ4PVuwHYD0Hm2yXZoslCUUYkfbOmIVvi+LbU4cWRVi1E2VpkyBuRb6wg5Y2jtkUpD/5FzBiZsvqzjAmVwWS1ci3/e/aCK0Fzwjx3UMTAe569UDxn3y6CNdC3aFzqnbKrKHqW3WxVMHH+bk2hMgdnJcnrhTE5UA2pycnjtDk6aoES5m0hdg+j7yDhn9TEdJbDE8jiYOSZ2V628fXPoHYEEVNWmhRcmcHHplSrSxl+X3lMu3+CgCS/AHmQ8SmM4jjZwYd3vg/x6H9dbMyWNtYi0RJYAWPSIrErvnm8cHlfe5IGyVfxlRafA3HkQNH9Y5SQrs/S3QDQvhKX7Ve+yNN/IeLPC0CIQ8qmuLd6nJ2PtPumylobB3HIAXr/gLRMXohPmzX6m8b3DGhqT411L5ZpI4VFC7uBs4OcVbRsB0U5Vu9M+nfTwGPutCT6PLA8DgRLdtsLvgwlcglWK75UPnM1Fu0PclKHyM90JdNLbFh7Gs8YL9Zqz9PSg+jV81H+iXEq1qWmOcAX62rF9E3jf5pYAJhXSCzUGEf8aTci7FLy/8md+eAetjOegRHUbD6dcDIxbZ3KREiS1LblPhCsrxDN8umkfKSFoRRdnguxxNnc1FCgQRG7IRxC6pHwvZtlGGzPs5ph431xiZGOfhs7RX+CBVMMcX2YYOLyUINnIFGw3rSZwpNL3S2GEanFQ7ilyi+huQIIJrBQei6JaYEjVIE/pfwkVkbFwExzAEf6tC7enkx348HFgq0xzhexi1KljUeOfirr+LHAIhPZtbhqvgbkTRGBzx4ugIttOi5kMduJWiQHvgXIGqQ6/229OzNUXIvXffgmRyds5182n4Thsk9shYwrNLb6GG4vFTlHTAmxF4uD4+yS/iSDqlqNpuwL4J+1YHwwrOYIeiDC8jnKcvYvKPxgFxZTOoeX9JOis7ibKx3+7rEYSCxwK4dsBuBiaKX5IHukOK5yaKjbM1pZF9E13rBWTkapHajfIiY6PdQlOiz5jBsjXSSwFyZwRdZKm9zymlzCp7TWtx4GgrFvT0wQ9sbB3d7Zh3S6OkQf4FUFvpQ4OuPm7sR4vk6sjkx75IDTPXH5xfIDQvQ48YnUCPDlKZJTA6eYnkLWH6UnPzTPMUC4gklM0rb4ej8UXyWo+kx2m2bhLTtbmyuh4edqXs6E9tlxwe18CWvER7Efqn7cer0NqZE7IzULFlYwPbFnXMYSnhbQfZTXY943uuniIts6Z6kvqw7CZitlVlbMMTxJeWm1B2j5rtdC48cyMeeX98cYdLyZILMnNdm0egR8qO/YWWHN4v0HykGoLd60/SrJc7HdOBtPUsnpNkI0cSAMenN7MDCVPMcSl7tK1A5Vb8Pz2QZDH1A9icesmRH+zMmagDRv02xcoVS45NcK9/9y+Eo9cHGRRV2vBbPyN2nPtMajqBZPDGfxp7Fr3qDUAqmO0XJeb8Th45DFLjzTcecPcGzoLyYybi/UBJILn9eAYun0qCxjaPbjHWinjZmPuPZsHRIxzuyoacbxaEy69fLtssezxfgs1Pq9u6uzoSrIZ39ZDHgG77Uy++712GrL8rDcmkLkCAW/05l1YNZZShg5RQshPUaiFehw5BPYnDD2crIBafu+1J+F1oTNxYtcUdSa5DzQcTgFDzKgIV+kLOJP/lifEQ2nZyXzJOSU3KR2TFdnWnChKFtQbgWjfpCsL/BBn4vh+5RLBI/g0ACy/yqom+AfT4dCU0GkLNRnA7CDGqRl7UiEF8uUpixl93BtZK42qlbKD88GlXQo0IkEULEOlSvQoXm/Y8APUihZe5K4eznRlG4ygZOJr4oNTpUNqK0er37XGahCpZXTE8tBZGOpIORu+MRuik4YelN0d3S4acfKol1lWIfusfr2peeOnxKqOd471kPhuiTHv1eB2/YVtKKhyR9irv+v82+lkJHu2pLy1yWk2WgNVS1xrqa5el1uIk0389shFcmDVXZi6eY3MvlscunMS0tjwORWkHkHUOrj7qh9ZHxMKOku/N8yQhie77wuqpsCUstphQ5OdyLQYJ+TuP/DLuMHZ0Vf3AZzspS0WtHa1gAypqTcUS6paunObxS2jppiOL4XI5i66mAXRlyTa8MzY8DIAvMoQfCLFbioYDEniMKN5bbLw3lZojnP+WTKUghs6omkeASqrtlt1DXoaLwTw7zFwRSNY5Rs7wgJPQt91+9Xqs5mpLqhFar99RPcYGBB6GlT9OeufwzG9V461ITPc3pIetjhGRn6jd4URZ9cfNjpQLDM0PGXuCTGH7WMdOBJVLUAlV81hAvUajOYOpmuDs+5q2KGcETozCCbhMS3k8MkaYfxa8pYVnwbBJE+ZqhL5I0IXw10z0+CSlwt5HuR9VYDOnmILkoZep/k8XGYjo8zdzD1nRI0/fQ7WxBg6Z92HIjvPXvqad/QbakCV3OR1YN7rs3pBecMPxVr+HpXvnVaJzcV3exX2SWNC0V9iWqPwoUiddxhz1qwNPg6GDRjYcm2gtbRj0iiTnCf1NULjaFeDPnoybQwlusAwmqZ1A9fXPJXGukRwSr49OBCA/OxK3s+fBvgqjj/qBh4fbrGtPgrdWX6uGKkuA/S7GbKjJfOpeV/lst0Zz0D4qnS2BUcrnP+U+xLpoiVlB9rk9B0+kyOb4SPzVu8ySSum6ZcVEV3/xN8JlAdmLzuz0U6wTkfPVsKQavInHzib24gMTExADS3mfXKsAiVn7AD/DIlwHzb3UNGf8Mt4QuloAiNi3rq+IXbnZ/DaCOoE0K59QgTEdPWJO1CV28Dz5OEQCHArvddton6j08gZ6Rl3TmdUdOeZb4aK/W9zJ/7NDHG7l8vZqZUxElHeBDNCQs8NEwtEDDGFWjPodnE4IbZn6hV1aG6q3MFTLsJx1wcnEvgRYOTYdpkQiHfrKArQ4sXlOHzlMsyVGbNx5CA3tWcA1aMO3kv8sD576dEZC34wigcxn8lZG95d8xlzamOJHY3dNemECjwYmEO/C9kl98quYBuUJr8RABMtYsUyp1uv4/KfexBcQ2AdHGVM4I+pRUFgigUwH871sOWubeXqAbeXrqggeQAwcOVf1W139fY+DW+LF4MggIajyFfC48ffityM1VKRWM35Df7Fhzv+Gz8BzTjRe1Ld7YIjRZ+RZRbDM/Ec89SUe9b9TH+wMsklGUDwp48wBD5N8Bw6lUnMtn+IvMicO5aOXWgRvdN/LZxVMpZFSwHFCgcDVWloNqGS6C6i4Tj67HdqISy1UFgE/smNFesw/UIsWjgCBlhUogKudexFuBd+cniHLqpv8cH5G4EcS+XXLwjOxNEnUpN7DkQ6gF9m3VXSaqylA3eMENd/4O1/0w7PF3hNc6JAc4ovCpb1mueBHDD3lA3Ni3/whh3aY5J3fkM5tQNjCaPDaAtZAbhw4zlMaWXXR+2qxYtVCJXuAnQW4NdZ4+fVnoS/BYwIw6XtwmRA/Ryn8p3I8O/v16JwzbzR5Fze/Xc1TXKuuvaV+yLB8SxWzePHSVyVGYae9kWzVXn+beYUlnZJouqp6adrBUVwtl8qlroWJLMsBMsm2tDaOrp30W65vTaQhxLEwNWVdY4kB8shocvndF2T/4fO+gT1u+XfxWRHEHm7NEdrK0QwEM69GSBA81K2FZMUjb8gnJpRA2JvnBpZJi8jGUhJoO+kswSfhJgMzI/4E4G12oiIx10h0RjixnaT5GfjUOFpv0n9G3LZ9hC7+3N/mocKM4wr/3Wp+UEQXi96aCl5ZoH9v9B2Itosv57r8oGI9CjCpHiV+2lbnqoBUk9zP+cJg4O2QySYvFZZIBopsoiSeleiZZM/LFKwGL/BWvVfisNNqXJG6gPkBaB0bXCWEbnUrybBrURR/EVBamVQC+g9Bteyd07Mebcmmx4eYeJfJEFkMOYK5EWwjunNl7IUDPmegYf+UNEVYuRh4rLAfUgjD7NDKT4UaqK67w5arcfEkTCU8gneLsJsFVbYu04Fhd7Kfdx2ei3pw9Ca1fNvnPi+VKXEOUQQZEdUzp2g85z/4e9hS6gn/Zch9jfma0jPB6nbg0uMiH5CntamS5bDTlXZjdPLxcxot/ZVSYnDGjyoBg1toSCOX1+b6z3EL8y0ZUXRjUbY1OIE0AHMRY2+xcy5hG/urqoTnfMhnS/4FPFB8u9ii4j+9TJdduzKe4ShOL5DRF3dTowAuD8Q/C0J1MAxd6sN1yKWM1l8Qg9gShpTHSXJxnFR+afFczARyfYD8YtN10pp/87wZu5MvrcVgxIn5G8p/PzZQlDkUvOVsOaYZd3sygX3m7PmYwrhdUoLKII7CqWprUHtAqkSUwpA9t+ZJJF8hz/UhjWUqeOxLZJpXKSTkqNI+50GeF+yAA4jr9QTF5sN0IIRqO9tr9sAEK0h9k+FN1zAih3PQ7MiYU6hHI+Vel/TLLG4F6juN7o/b7U9t6HuQZzbUVOXxbgwqUnsFAOktvbqlAC/ca0frmVTZOcWcgp7orz36pXtBqywPj9qOD1uHhFnuR4dZbucJyMsEj2UYtt/aTtgMJIT3DgqxNfXR6ljPrwJawqJ7Q8R57CIjK9iIwMcK97ttvpH/rq286D460DXVudeRsu659GApvd7TxZkJRKTChBhaErjYcPecsYruogQcwJ9bil8EzDXSoH+qILwtK3bj9dlEcE5UCfO8aQcuimDkhn1ufw4JZpMvIdMeAWdr6VmxjdWlsuYsLkxEVZfh5zSe5dIIIlfEKUlrpy/XCSWOaDJ86rr0aY/cMi3/UrAWjMWNmscTaywd8mpQCjepk3AdSX+HZt5mUdcozb/Knn9E/9dirKwfnu/Fo4ov8elGFd0l8xfYTSPn21qxJgbJsNllMtzXWDTiG//jEavujgyIw7qIw999CPAEez1vxDWwUkfC65/1z8Ldhp0JiOjolllK4JVudPNPCX6Mda8wM1UKUu2cBpef7LM803zAEiDbHF5xJ+ikcLan/hPIYAAAA
\.


--
-- TOC entry 5084 (class 0 OID 258663)
-- Dependencies: 223
-- Data for Name: qr_kod; Type: TABLE DATA; Schema: public; Owner: postgres
--

COPY public.qr_kod (kod_id, aktivan, vrijeme_kreiranja) FROM stdin;
ccccccc1-cccc-cccc-cccc-ccccccccccc1	f	2026-04-12 13:44:06.363603
ccccccc2-cccc-cccc-cccc-ccccccccccc2	f	2026-04-12 13:44:06.363603
f41380fd-6de7-4e23-92cf-6f4b136d1f69	f	2026-05-13 17:19:43.078127
430e3e02-3c6e-46cd-b3f6-d9a237427c9a	f	2026-05-13 21:00:27.59295
b613f4c0-8224-4378-bca6-b2a0ccd6c66c	f	2026-05-15 18:19:49.102279
edd81762-a8d6-4136-9014-6b1a6b354906	f	2026-05-15 20:49:53.551335
ca994b83-9756-49ce-9088-2febb9e4169d	f	2026-05-15 20:51:27.724721
dfcc504b-c57a-4923-a6ea-7554d4b1e8a5	f	2026-05-16 15:16:48.921673
3ab18bfb-7970-42aa-8ac7-9fd453681325	f	2026-05-16 15:56:27.814822
76b6ef5f-178f-436b-b002-92b81b4d1cc0	f	2026-05-16 16:30:17.192302
80d6234a-fd49-42a5-8126-7dae2e115b0d	f	2026-05-17 22:33:21.869788
\.


--
-- TOC entry 5086 (class 0 OID 258679)
-- Dependencies: 225
-- Data for Name: transakcija_bodova; Type: TABLE DATA; Schema: public; Owner: postgres
--

COPY public.transakcija_bodova (transakcija_id, kartica_id, kod_id, iznos, vrijeme) FROM stdin;
cf011260-137f-4c09-aca7-c4edf6a4942f	70bc1d4e-10f9-40e3-8f00-606f43240b42	430e3e02-3c6e-46cd-b3f6-d9a237427c9a	1	2026-05-13 21:01:05.524838
63dd4b6a-099a-4bc4-b87e-2f2305050099	70bc1d4e-10f9-40e3-8f00-606f43240b42	b613f4c0-8224-4378-bca6-b2a0ccd6c66c	1	2026-05-15 18:20:49.997504
256ef1f0-3670-4aa1-b739-b1e9440b4b67	70bc1d4e-10f9-40e3-8f00-606f43240b42	dfcc504b-c57a-4923-a6ea-7554d4b1e8a5	1	2026-05-16 15:21:00.679398
6a931403-8a5f-4e4b-8cea-264bf443d32d	70bc1d4e-10f9-40e3-8f00-606f43240b42	3ab18bfb-7970-42aa-8ac7-9fd453681325	1	2026-05-16 16:23:50.46187
\.


--
-- TOC entry 4926 (class 2606 OID 258721)
-- Name: administrator administrator_pkey; Type: CONSTRAINT; Schema: public; Owner: postgres
--

ALTER TABLE ONLY public.administrator
    ADD CONSTRAINT administrator_pkey PRIMARY KEY (korisnik_id);


--
-- TOC entry 4924 (class 2606 OID 258705)
-- Name: iskoristavanje_nagrade iskoristavanje_nagrade_pkey; Type: CONSTRAINT; Schema: public; Owner: postgres
--

ALTER TABLE ONLY public.iskoristavanje_nagrade
    ADD CONSTRAINT iskoristavanje_nagrade_pkey PRIMARY KEY (iskor_id);


--
-- TOC entry 4914 (class 2606 OID 258657)
-- Name: kartica_lojalnosti kartica_lojalnosti_korisnik_id_key; Type: CONSTRAINT; Schema: public; Owner: postgres
--

ALTER TABLE ONLY public.kartica_lojalnosti
    ADD CONSTRAINT kartica_lojalnosti_korisnik_id_key UNIQUE (korisnik_id);


--
-- TOC entry 4916 (class 2606 OID 258655)
-- Name: kartica_lojalnosti kartica_lojalnosti_pkey; Type: CONSTRAINT; Schema: public; Owner: postgres
--

ALTER TABLE ONLY public.kartica_lojalnosti
    ADD CONSTRAINT kartica_lojalnosti_pkey PRIMARY KEY (kartica_id);


--
-- TOC entry 4908 (class 2606 OID 258625)
-- Name: korisnik korisnik_auth0_id_key; Type: CONSTRAINT; Schema: public; Owner: postgres
--

ALTER TABLE ONLY public.korisnik
    ADD CONSTRAINT korisnik_auth0_id_key UNIQUE (auth0_id);


--
-- TOC entry 4910 (class 2606 OID 258623)
-- Name: korisnik korisnik_pkey; Type: CONSTRAINT; Schema: public; Owner: postgres
--

ALTER TABLE ONLY public.korisnik
    ADD CONSTRAINT korisnik_pkey PRIMARY KEY (korisnik_id);


--
-- TOC entry 4912 (class 2606 OID 258631)
-- Name: kupac kupac_pkey; Type: CONSTRAINT; Schema: public; Owner: postgres
--

ALTER TABLE ONLY public.kupac
    ADD CONSTRAINT kupac_pkey PRIMARY KEY (korisnik_id);


--
-- TOC entry 4920 (class 2606 OID 258678)
-- Name: nagrada nagrada_pkey; Type: CONSTRAINT; Schema: public; Owner: postgres
--

ALTER TABLE ONLY public.nagrada
    ADD CONSTRAINT nagrada_pkey PRIMARY KEY (nagrada_id);


--
-- TOC entry 4918 (class 2606 OID 258671)
-- Name: qr_kod qr_kod_pkey; Type: CONSTRAINT; Schema: public; Owner: postgres
--

ALTER TABLE ONLY public.qr_kod
    ADD CONSTRAINT qr_kod_pkey PRIMARY KEY (kod_id);


--
-- TOC entry 4922 (class 2606 OID 258687)
-- Name: transakcija_bodova transakcija_bodova_pkey; Type: CONSTRAINT; Schema: public; Owner: postgres
--

ALTER TABLE ONLY public.transakcija_bodova
    ADD CONSTRAINT transakcija_bodova_pkey PRIMARY KEY (transakcija_id);


--
-- TOC entry 4933 (class 2606 OID 258722)
-- Name: administrator administrator_korisnik_id_fkey; Type: FK CONSTRAINT; Schema: public; Owner: postgres
--

ALTER TABLE ONLY public.administrator
    ADD CONSTRAINT administrator_korisnik_id_fkey FOREIGN KEY (korisnik_id) REFERENCES public.korisnik(korisnik_id);


--
-- TOC entry 4931 (class 2606 OID 258706)
-- Name: iskoristavanje_nagrade iskoristavanje_nagrade_kartica_id_fkey; Type: FK CONSTRAINT; Schema: public; Owner: postgres
--

ALTER TABLE ONLY public.iskoristavanje_nagrade
    ADD CONSTRAINT iskoristavanje_nagrade_kartica_id_fkey FOREIGN KEY (kartica_id) REFERENCES public.kartica_lojalnosti(kartica_id);


--
-- TOC entry 4932 (class 2606 OID 258711)
-- Name: iskoristavanje_nagrade iskoristavanje_nagrade_nagrada_id_fkey; Type: FK CONSTRAINT; Schema: public; Owner: postgres
--

ALTER TABLE ONLY public.iskoristavanje_nagrade
    ADD CONSTRAINT iskoristavanje_nagrade_nagrada_id_fkey FOREIGN KEY (nagrada_id) REFERENCES public.nagrada(nagrada_id);


--
-- TOC entry 4928 (class 2606 OID 258658)
-- Name: kartica_lojalnosti kartica_lojalnosti_korisnik_id_fkey; Type: FK CONSTRAINT; Schema: public; Owner: postgres
--

ALTER TABLE ONLY public.kartica_lojalnosti
    ADD CONSTRAINT kartica_lojalnosti_korisnik_id_fkey FOREIGN KEY (korisnik_id) REFERENCES public.kupac(korisnik_id);


--
-- TOC entry 4927 (class 2606 OID 258632)
-- Name: kupac kupac_korisnik_id_fkey; Type: FK CONSTRAINT; Schema: public; Owner: postgres
--

ALTER TABLE ONLY public.kupac
    ADD CONSTRAINT kupac_korisnik_id_fkey FOREIGN KEY (korisnik_id) REFERENCES public.korisnik(korisnik_id);


--
-- TOC entry 4929 (class 2606 OID 258688)
-- Name: transakcija_bodova transakcija_bodova_kartica_id_fkey; Type: FK CONSTRAINT; Schema: public; Owner: postgres
--

ALTER TABLE ONLY public.transakcija_bodova
    ADD CONSTRAINT transakcija_bodova_kartica_id_fkey FOREIGN KEY (kartica_id) REFERENCES public.kartica_lojalnosti(kartica_id);


--
-- TOC entry 4930 (class 2606 OID 258693)
-- Name: transakcija_bodova transakcija_bodova_kod_id_fkey; Type: FK CONSTRAINT; Schema: public; Owner: postgres
--

ALTER TABLE ONLY public.transakcija_bodova
    ADD CONSTRAINT transakcija_bodova_kod_id_fkey FOREIGN KEY (kod_id) REFERENCES public.qr_kod(kod_id);


-- Completed on 2026-05-17 22:55:11

--
-- PostgreSQL database dump complete
--

\unrestrict Bd2BrssZd8KPNKL81TnifNWYX7kMDrdtKQJDYwrTgqwMwF0Od4RHfx2E1KpTyQM

